id,publication,issue_date,page,article,summary,evidence_file
mb-p47,ltc-minute-book,,47,,,
mb-p53,ltc-minute-book,,53,,,
mb-p258,ltc-minute-book,,258,,,
sn-19150427,shetland-news,1915-04-27,,,,
sn-19150501-p4-a038,shetland-news,1915-05-01,4,038,"special meeting ""on Tuesday evening"" to appoint a new Provost, Junior Bailie and a member for Stout's vacancy. Sinclair (proposed, seconded by W. S. Smith) beat David Sutherland ""by six votes against two"". Goodlad was made Provost.",ltc-1915-1916.md
st-18841101,shetland-times,1884-11-01,,,,
st-18851024-p2-a040,shetland-times,1885-10-24,2,040,"election notice, poll on ""TUESDAY, the Third day of NOVEMBER"", nominations by Thursday 29 Oct. No vacancy count.",ltc-1885-1889.md
st-18851031-p2-a024,shetland-times,1885-10-31,2,024,"nominations Duncan, Hunter, Mitchell, Tulloch jr; they don't exceed the vacancies, so no poll.",ltc-1885-1889.md
st-18851031-p3-a043,shetland-times,1885-10-31,3,043,"Shetland Times, Sat 31 Oct 1885, p3 (art. 039, 043): adjourned meeting ""on Tuesday evening"" (27 Oct). Stove present. Bailie Mitchell's letter resigning and not standing again; a deputation was sent to talk him round (he stood and was re-elected).",ltc-1885-1889.md
st-18851121-p3-a049,shetland-times,1885-11-21,3,049,"statutory meeting. Present includes ""L. G. Stove"". The Clerk reported Duncan, Hunter, Mitchell and Tulloch ""re-elected ... at the annual election on 3d instant"". Stove re-elected a Harbour Trustee.",ltc-1885-1889.md
st-18860717-p2-a043,shetland-times,1886-07-17,2,043,"""The quarterly statutory meeting ... on Monday"" at noon, so Mon 12 Jul 1886. Present: Bailie Robertson, Leisk, J. Robertson jr, G. Harrison, Stove, Tulloch jr. Duncan absent.",ltc-1886-duncan-harrison.md
st-18860717-p2-a045,shetland-times,1886-07-17,2,045,"""RESIGNATION OF MR WM. DUNCAN"": the Clerk read his letter; he intended to withdraw, and ""three weeks hence he would cease"" to have any connection with the council. A deputation (the Chairman and John Robertson jr) was sent to ask him to reconsider.",ltc-1886-duncan-harrison.md
st-18860731-p2-a055,shetland-times,1886-07-31,2,055,"meeting on Friday evening (30 Jul). Present: Bailie Robertson, Leisk, J. Robertson jr, Stove. Duncan not there.",ltc-1886-duncan-harrison.md
st-18861016-p2-a035,shetland-times,1886-10-16,2,035,"local news: G. Harrison, Stove, Halcrow, Leisk and Jamieson retire by rotation; ""Mr Wm. Duncan has resigned, and one member will [be] disqualified"", making seven vacancies at the coming election. Future tense, after the 15 Oct meeting, so John Harrison (i) was still a member then and the ledger's 1 Oct is too early.",ltc-1886-duncan-harrison.md
st-18861016-p2-a045,shetland-times,1886-10-16,2,045,"the quarterly meeting ""on Monday"" (11 Oct) adjourned to Friday evening (15 Oct) because of the hour.",ltc-1886-duncan-harrison.md
st-18861016-p2-a048,shetland-times,1886-10-16,2,048,"""RESIGNATION OF A COUNCILLOR"": the deputation reported he ""had definitely refused to continue in office""; G. Harrison made interim Convener of Lighting and Cleansing in his place. This matches his profile (""accepted by the council on October 15th"").",ltc-1886-duncan-harrison.md
st-18861023-p2-a044,shetland-times,1886-10-23,2,044,"""RETIRING COUNCILLORS"": Stove said he would rather not stand again; the Chairman wanted Leisk, Stove and Harrison to stay.",ltc-1885-1889.md
st-18861030-p2-a033,shetland-times,1886-10-30,2,033,"nominations were ""the five retiring councillors, thus still leaving two seats vacant"", which the Council could fill afterwards.",ltc-1885-1889.md ltc-1886-duncan-harrison.md
st-18861120-p2-a032,shetland-times,1886-11-20,2,032,"""on Friday evening"" Charles Robertson and John B. Anderson were ""elected to fill the vacancies"". ""Yesterday"" in the same column is Friday, so Friday 19 Nov 1886.",ltc-1885-1889.md
st-18861211-p2-a063,shetland-times,1886-12-11,2,063,"James Hunter, accountant of the Union Bank, appointed agent at Portsoy.",ltc-1885-1889.md
st-18870108-p3-a048,shetland-times,1887-01-08,3,048,"Shetland Times, Sat 8 Jan 1887, p3 (art. 047, 048): adjourned meeting ""Tuesday evening"" (4 Jan). Hunter's resignation accepted; ""a constant and useful member for the last ten years"".",ltc-1885-1889.md
st-18870319-p2-a054,shetland-times,1887-03-19,2,054,"Shetland Times, Sat 19 Mar 1887, p2 (art. 053, 054): fortnightly meeting ""yesterday (Friday) evening""; Porteous elected ""till the vacancy caused [by] Mr Hunter's resignation"". Sworn in at the next meeting (ST 26 Mar 1887, p2, art. 040).",ltc-1885-1889.md
st-18881006-p3-a068,shetland-times,1888-10-06,3,068,"""RETIRING COUNCILLORS"": Bailie Mitchell, Tulloch jr and A. B. Jamieson retire, plus one of the five elected last year.",ltc-1885-1889.md
st-18881103-p2-a044,shetland-times,1888-11-03,2,044,"vacancies from ""the retirement [of] Mr Tulloch, and the departure from town [of] Mr Jamieson""; Mitchell and Anderson re-nominated, Goudie and Laing nominated, no poll.",ltc-1885-1889.md ltc-general-dates-1885-1891.md
st-18881117-p2-a081,shetland-times,1888-11-17,2,081,"statutory meeting ""on Monday noon"" (12 Nov), with Goudie and Laing present. Doesn't date the election.",ltc-general-dates-1885-1891.md
st-18891019-p2-a051,shetland-times,1889-10-19,2,051,"""At a meeting of the Town Council, held last ..."" Mitchell's resignation accepted with regret. The scan at that point reads ""held last"" at a line end; the word after is lost. The item above it says the Commissioners met ""last night"" (Friday 18 Oct).",ltc-1885-1889.md
st-18891026-p2-a014,shetland-times,1889-10-26,2,014,"five vacancies instead of the usual three, ""one being caused by the lamented death of Mr Stove, and the other by the resignation of Bailie Mitchell"". Harrison, Leisk and Halcrow retire by rotation.",ltc-1885-1889.md
st-18891102-p2-a078,shetland-times,1889-11-02,2,078,"Burgh of Lerwick notice of the persons nominated, and ""municipal election on Tuesday next"" (5 Nov).",ltc-general-dates-1885-1891.md
st-18891102-p2-a082,shetland-times,1889-11-02,2,082,"""Next Week"": ""Municipal Election Voting Tuesday, in the Burgh Court Room"".",ltc-general-dates-1885-1891.md
st-18891102-p3-a097,shetland-times,1889-11-02,3,097,"a committee formed to re-elect Halcrow, [Harrison: OCR garbled] and Leisk and to elect Kay and Hunter. A contest (the wiki has the votes).",ltc-general-dates-1885-1891.md
st-18891109-p2-a052,shetland-times,1889-11-09,2,052,"""The municipal fight is over""; Halcrow, Harrison, Leisk, Hunter and Kay returned. This is the 9th in the wiki: the day it was printed.",ltc-general-dates-1885-1891.md
st-18901025-p2-a066,shetland-times,1890-10-25,2,066,"""Thursday first is the last day for nominating"" (30 Oct); retiring Bailie Robertson (Chief Magistrate), Bailie C. Robertson, John Robertson jun. and Porteous. Poll day would be Tue 4 Nov, as in the ledger.",ltc-general-dates-1885-1891.md
st-18911031-p2-a040,shetland-times,1891-10-31,2,040,"nominations ""On Thursday"" (29 Oct).",ltc-general-dates-1885-1891.md
st-18911107-p2-a073,shetland-times,1891-11-07,2,073,"Leisk, Goudie, Laing and Tulloch took the oath at the Council Chamber on Thursday (5 Nov).",ltc-general-dates-1885-1891.md
st-18941110-p2-a030,shetland-times,1894-11-10,2,030,"leader: ""Mr Garriock is the only new member"".",ltc-1894-1907.md
st-18941110-p2-a040,shetland-times,1894-11-10,2,040,"""MUNICIPAL ELECTION"": the official figures for Goudie, Garriock, Leisk, Laing and Sutherland.",ltc-1894-1907.md
st-18951019-p2-a069,shetland-times,1895-10-19,2,069,"the Clerk said the retiring Councillors were ""Messrs Hunter, Harrison, Halcrow, and Kay"". Charles Robertson had died in July 1895, so the Nov 1895 general filled five seats: these four and his (1893 cohort, due out in 1896).",ltc-1895-1901.md
st-18961024-p2-a029,shetland-times,1896-10-24,2,029,"four retire in November: ""Bailie Porteous, Messrs John Robertson, P. S. Goodlad, and R. B. Hunter"". All four stood again.",ltc-1895-1901.md
st-18971016-p4-a091,shetland-times,1897-10-16,4,091,"retiring ""by rotation"": Bailie Goudie, Garriock, Halcrow and Laing. Leisk, the fourth of the 1894 cohort, is not on the list.",ltc-1895-1901.md
st-18971030-p4-a077,shetland-times,1897-10-30,4,077,"nominations: the four retiring councillors (Goudie, Garriock, Halcrow, ...) nominated again.",ltc-1895-1901.md
st-18981008-p5-a080,shetland-times,1898-10-08,5,080,"retiring at the next election: ""Provost Leisk, Councillors Harrison, ..."" (OCR breaks off).",ltc-1895-1901.md
st-18981029-p4-a055,shetland-times,1898-10-29,4,055,"the four retiring (Leisk, Harrison, Kay, Stove) were nominated ""and no more"", so ""the Council therefore consists of the former members"".",ltc-1894-1907.md ltc-1895-1901.md
st-18981105-p4-a052,shetland-times,1898-11-05,4,052,"on Thursday ""the four newly-elected Councillors"" took the oath before Bailie Porteous.",ltc-1894-1907.md
st-18991028-p4-a101,shetland-times,1899-10-28,4,101,"retiring: Bailie Porteous, Goodlad, R. B. Hunter, John Robertson and S. Johnson (the May 1899 by-elected member, re-standing). Five seats: the 1896 four and Garriock's (died Feb 1899).",ltc-1895-1901.md
st-18991111-p5-a117,shetland-times,1899-11-11,5,117,"""the five vacancies"" polled on Tuesday; result John Robertson, D. R. Morrison, P. S. Goodlad, A. A. Porteous (59), S. Johnson, then D. Sutherland. ""The whole of the old members ... returned"", Morrison taking Hunter's seat.",ltc-1894-1907.md
st-19001013-p4-a058,shetland-times,1900-10-13,4,058,"retiring: Bailie Goudie, Kay, Halcrow, Laing.",ltc-1895-1901.md
st-19001013-p8-a132,shetland-times,1900-10-13,8,132,"council meeting. The Clerk said only three Commissioners retired in rotation, so one of the others had to be chosen ""to complete the full third""; ""Mr Kay volunteered to retire"".",ltc-1895-1901.md
st-19001103-p4-a088,shetland-times,1900-11-03,4,088,"""The four Councillors presently retiring having been nominated again ... there will be no contest"" (Goudie, Kay, Halcrow, Laing; see the 13 Oct 1900 list in ltc-1895-1901.md §6).",ltc-1894-1907.md ltc-uncontested-generals.md
st-19011005-p4-a046,shetland-times,1901-10-05,4,046,"same list: Provost Leisk, G. Harrison, A. S. Stove, S. Johnson.",ltc-1895-1901.md
st-19011005-p5-a063,shetland-times,1901-10-05,5,063,"the Clerk: the four retiring members are ""the Provost and Councillors Harrison, Stove and Johnson"".",ltc-1895-1901.md
st-19011019-p5-a044,shetland-times,1901-10-19,5,044,"""Death of Mr Alfred S. Stove"": he died ""On Sunday morning last"" (13 Oct). Also the County Council tribute (art. 041).",ltc-1894-1907.md
st-19011102-p1-a009,shetland-times,1901-11-02,1,009,"Burgh notice of the candidates ""at the Municipal Election on TUESDAY NEXT"", i.e. 5 Nov. The DB had Fri 1 Nov.",ltc-1894-1907.md
st-19011109-p4-a083,shetland-times,1901-11-09,4,083,"""Municipal Election"" and ""THE RESULT"": the three retiring (Harrison, Johnson, Leisk) plus John G. Irvine, put forward ""with a view to filling the vacancy"" of the late Mr Stove; James Robertson also stood, forcing a poll. Voting began on Tuesday morning; result Irvine, Harrison, Johnson, Leisk elected, Robertson 130.",ltc-1894-1907.md
st-19021011-p4-a069,shetland-times,1902-10-11,4,069,"""RETIRING COUNCILLORS"": Bailie Porteous, Councillors Robertson, Morrison and Goodlad.",ltc-1894-1907.md
st-19021108-p4-a078,shetland-times,1902-11-08,4,078,"the four retiring councillors, with no other candidates, were on Tuesday ""duly declared elected"".",ltc-1894-1907.md ltc-uncontested-generals.md
st-19021115-p5-a111,shetland-times,1902-11-15,5,111,"the Clerk ""intimated the re-election of the four retiring Councillors"".",ltc-uncontested-generals.md
st-19031010-p5-a067,shetland-times,1903-10-10,5,067,"retiring: ""Bailie Goudie, and Councillors Halcrow, Kay, and Laing"".",ltc-1894-1907.md
st-19031107-p4-a058,shetland-times,1903-11-07,4,058,"the election ""took place on Tuesday last"" (3 Nov). Page 1 (art. 008, 010): thanks from Ganson (""next the highest successful""), Kay, Laing and the defeated James Robertson.",ltc-1894-1907.md
st-19041105-p4-a112,shetland-times,1904-11-05,4,112,"the election on Tuesday filled the vacancies ""caused by the retiral of Provost Leisk and Councillors Gilbert Harrison, J. G. Irvine and Sinclair Johnson""; Leisk withdrew after nomination; six candidates.",ltc-1894-1907.md
st-19050204-p4-a044,shetland-times,1905-02-04,4,044,"his death ""in the early hours of Thursday"" (2 Feb) at Victoria Wharf.",ltc-1894-1907.md
st-19050211-p5-a057,shetland-times,1905-02-11,5,057,Provost Goudie's tribute at the council.,ltc-1894-1907.md
st-19051014-p4-a047,shetland-times,1905-10-14,4,047,"retiring: ""Bailie A. A. Porteous, Councillors P. S. Goodlad, D. R. Morrison, and L. Laurenson"" (Laurenson in Robertson's seat).",ltc-1894-1907.md
st-19061006-p5-a125,shetland-times,1906-10-06,5,125,"retiring: Bailie Laing, Ganson, Kay and J. T. J. Sinclair. ""It was Provost Goudie who should have retired, but on his election to Provost, he had to serve a period of three years"", so Sinclair retired, having had ""the smallest number of votes"" in 1904.",ltc-1894-1907.md
st-19071005-p5-a113,shetland-times,1907-10-05,5,113,"retiring in November: ""Provost Goudie, Councillors Irvine, Harrison, and Sinclair Johnson"".",ltc-1894-1907.md
st-19071012-p4-a094,shetland-times,1907-10-12,4,094,"Provost Goudie's ""decision to retire into private life"".",ltc-1894-1907.md
st-19081010-p5-a122,shetland-times,1908-10-10,5,122,"Provost Porteous presiding; the Clerk intimated the retiring Councillors as Goodlad, Ganson, Sinclair and Ratter (OCR garbled on the first two names; confirmed by the notice below).",ltc-1908-1910.md
st-19081017-p1-a014,shetland-times,1908-10-17,1,014,"election notice: four councillors ""in the place of Messrs William Sinclair, Alexander Ratter, Peter S. Goodlad, and Robert D. Ganson, who retire by rotation"".",ltc-1908-1910.md
st-19081107-p1-a020,shetland-times,1908-11-07,1,020,Goodlad thanks the electors for returning him.,ltc-1908-1911.md
st-19081107-p4-a149,shetland-times,1908-11-07,4,149,"""Declaration of the Poll"": Provost Porteous read the result, ""the return of the former candidates"" received with applause.",ltc-1908-1911.md
st-19091009-p5-a163,shetland-times,1909-10-09,5,163,"retiring ""Bailies Laing and Stout, and Councillors J. Laing and J. Smith"". The Provost (still Porteous) spoke after the list.",ltc-1908-1910.md
st-19091016-p1-a007,shetland-times,1909-10-16,1,007,election notice for four councillors in place of Bailies Arthur Laurenson Laing and Robert Stout and Councillors James Laing and John Smith.,ltc-1908-1910.md
st-19091106-p1-a006,shetland-times,1909-11-06,1,006,"thanks notice signed Arthur L. Laing, John Smith and R. Stout for ""again electing us"" (the snippet; the rest of the signatures not read).",ltc-1908-1911.md
st-19091106-p4-a070,shetland-times,1909-11-06,4,070,"the vote on Tuesday returned ""the four retiring Councillors"", and the new candidate (Loggie) was left out.",ltc-1908-1911.md
st-19091211-p4-a078,shetland-times,1909-12-11,4,078,"""RESIGNATION OF MR J. G. IRVINE"": his letter read; the Provost said he had sat since 1901. The report is of the meeting ""on Tuesday night"" (art. 073), i.e. 7 Dec 1909.",ltc-1894-1907.md
st-19100108-p4-a071,shetland-times,1910-01-08,4,071,"a special meeting ""held on Tuesday night, before the ordinary meeting"" (4 Jan) unanimously appointed James A. Loggie in place of Irvine, resigned.",ltc-1894-1907.md
st-19101008-p5-a085,shetland-times,1910-10-08,5,085,"retiring members ""Provost Porteous, and Messrs A. Smith, W. S. Smith, and J. A. Loggie"".",ltc-1908-1910.md
st-19101015-p4-a078,shetland-times,1910-10-15,4,078,"election notice, in place of Arthur A. Porteous, Provost, and three others.",ltc-1908-1910.md
st-19101105-p4-a077,shetland-times,1910-11-05,4,077,"""Lerwick Town Council. Election"": count on the Tuesday night, ""The first four were therefore declared elected"". The result table itself isn't in the OCR, but the analysis says ""only ten votes separating the second and fifth"", which matches the DB (A. Smith 268, Groat 258). The same article reports the Friday meeting electing Bailie Laing Provost in place of ex-Provost Porteous, with Loggie and W. ",ltc-1908-1911.md
st-19111007-p4-a108,shetland-times,1911-10-07,4,108,"""Retiring Councillors"": Bailie Goodlad and Councillors Ganson, Sinclair and Ratter.",ltc-1908-1911.md
st-19111014-p1-a004,shetland-times,1911-10-14,1,004,"election notice for four councillors in place of Ratter, W. Sinclair, R. D. Ganson and Bailie P. S. Goodlad, ""who retire by rotation"".",ltc-1908-1911.md
st-19111028-p4-a075,shetland-times,1911-10-28,4,075,"nominations on Tuesday first for the seats of Bailie Goodlad and Councillors Ganson, Ratter and Sinclair, who were retiring.",ltc-uncontested-generals.md
st-19111104-p3-a113,shetland-times,1911-11-04,3,113,"""only the four retiring candidates had been nominated"".",ltc-uncontested-generals.md
st-19111111-p4-a093,shetland-times,1911-11-11,4,093,"meeting on Thursday to swear in ""the newly-elected Councillors""; present include Goodlad, Ratter, W. Sinclair, Ganson.",ltc-1908-1911.md
st-19120406-p4-a060,shetland-times,1912-04-06,4,060,"by Friday morning he ""had reconsidered his decision to resign"".",ltc-1912-1914.md
st-19120406-p4-a076,shetland-times,1912-04-06,4,076,the Provost read a letter from Councillor Macdougall resigning as Town Councillor.,ltc-1912-1914.md
st-19121005-p4-a066,shetland-times,1912-10-05,4,066,"retiring in November: Bailie Stout, Councillors John Smith, James Laing, J. A. Loggie. Provost (Arthur) Laing is not on the list, although his 1909 cohort was due out.",ltc-1912-1914.md
st-19121005-p4-a068,shetland-times,1912-10-05,4,068,"monthly meeting (Tue 1 Oct 1912). Present include Provost Laing, Bailies Stout and Goodlad, Councillors Ganson, Loggie, Macdougall, Sinclair.",ltc-1912-1914.md
st-19121012-p4-a101,shetland-times,1912-10-12,4,101,"""Resignation of a Councillor"". The automatic retirals were Stout, John Smith, James Laing and Loggie. Loggie told the paper on Tuesday he wouldn't seek re-election. ""On Tuesday"" (8 Oct 1912) MacDougall resigned, and the article says Loggie was then withdrawn from retiring. The later 2 Nov preview and the Nov 1912 attendance show Loggie did go out after all, so that arrangement didn't hold.",ltc-1912-1914.md
st-19121019-p4-a093,shetland-times,1912-10-19,4,093,"one side withdrew a candidate, so the election went uncontested.",ltc-1912-1914.md
st-19121102-p4-a074,shetland-times,1912-11-02,4,074,"election preview. Vacancies are caused by the retiral of Stout, John Smith, James Laing and Loggie, and ""the resignation of Councillor W. Macdougall"".",ltc-1912-1914.md
st-19121109-p4-a078,shetland-times,1912-11-09,4,078,"first meeting after the election, ""Provost Laing presiding""; Stout re-appointed Bailie.",ltc-1912-1914.md
st-19121116-p4-a061,shetland-times,1912-11-16,4,061,"adjourned meeting (Mon 11 Nov 1912). Present: Provost Laing, Bailies Stout and Goodlad, Councillors R. D. Ganson, W. S. Smith, A. Smith, R. H. Ramsay, J. Smith, W. Sinclair, A. Ratter, J. Laing. That's 11, and Grierson (a Nov 1912 winner) makes 12.",ltc-1912-1914.md
st-19131011-p4-a062,shetland-times,1913-10-11,4,062,"""Retiring Councillors"": Provost Laing, Bailie Goodlad, Councillors Andrew Smith and W. Spence Smith.",ltc-1912-1914.md
st-19131101-p4-a054,shetland-times,1913-11-01,4,054,"four members retired, six candidates for the four vacancies.",ltc-1912-1914.md
st-19131101-p4-a057,shetland-times,1913-11-01,4,057,"same list; ""Provost Laing did not offer himself for re-election"".",ltc-1912-1914.md
st-19131108-p4-a064,shetland-times,1913-11-08,4,064,"""The Municipal Election"": Goodlad, L. Laurenson, Andrew Smith and W. S. Smith returned; the Socialist candidates defeated.",ltc-1915-1916.md
st-19141024-p4-a063,shetland-times,1914-10-24,4,063,"election on Tue 3 Nov. Four retiring councillors, starting with Bailie Ganson.",ltc-1912-1914.md
st-19141031-p4-a059,shetland-times,1914-10-31,4,059,"the four retiring members, Bailie Ganson, Councillors Alex. Ratter, Wm. Sinclair and John Smith, were renominated with no new candidates, so they were declared elected.",ltc-1912-1914.md
st-19150410,shetland-times,1915-04-10,,,,
st-19150417-p4-a086,shetland-times,1915-04-17,4,086,"""Death of Provost Stout"". As announced in the special edition of Saturday last, he ""died with startling suddenness"".",ltc-1915-1916.md
st-19150703,shetland-times,1915-07-03,,,,
st-19150710-p4-a074,shetland-times,1915-07-10,4,074,"Deaths: at Helendale, Lerwick, on the 3rd.",ltc-1915-1916.md
st-19150710-p4-a079,shetland-times,1915-07-10,4,079,"monthly meeting (Tue 6 Jul 1915). Present: Provost Goodlad, Bailies Ganson and Ratter, Councillors J. T. J. Sinclair, J. Laing, J. Smith, W. Sinclair. The Provost refers to ""the death of Councillor Grierson"".",ltc-1915-1916.md
st-19150807-p4-a093,shetland-times,1915-08-07,4,093,"Shetland Times, Sat 7 Aug 1915, p4 (art. 093 and ""Filling a Vacancy"", art. 096): monthly meeting ""on Tuesday evening"". Proposed by J. Smith and seconded by Bailie Ganson for Grierson's vacancy; ""no other proposal"", so declared elected.",ltc-1915-1916.md
st-19160715-p4-a082,shetland-times,1916-07-15,4,082,"Deaths: at Windhouse, Lerwick, at noon on Friday 14th, Captain Laurence Laurenson.",ltc-1915-1916.md
st-19160805-p5-a107,shetland-times,1916-08-05,5,107,"Shetland Times, Sat 5 Aug 1916, p5 (art. 107, ""Appointment of New Member""): monthly meeting ""on Tuesday evening"". Bailie Ganson moved Henderson for Laurenson's seat; W. Sinclair moved Magnus Manson; Henderson won ""by a majority"". The Provost and Ganson promised Manson ""the next vacancy"".",ltc-1915-1916.md
st-19160909-p4-a075,shetland-times,1916-09-09,4,075,"Local News, ""Resignation of a Town Councillor"": Andrew Smith of Islesburgh House resigned; through failing health he had not attended recently. ""On Tuesday evening"" Magnus L. Manson was co-opted in his room.",ltc-1915-1916.md
st-19160909-p5-a093,shetland-times,1916-09-09,5,093,"Same issue, p5 (art. 093 area): monthly meeting (Tue 5 Sep 1916), present includes Ramsay.",ltc-1915-1916.md
st-19161111-p5-a098,shetland-times,1916-11-11,5,098,"Shetland Times, Sat 11 Nov 1916, p5 (art. 098, ""Resignation of a Councillor""): at the monthly meeting (Tuesday evening, 7 Nov) a letter was read from W. Spence Smith, Northness, resigning because of his health after nine years; accepted with regret.",ltc-1915-1916.md
st-19161209-p4-a110,shetland-times,1916-12-09,4,110,"Shetland Times, Sat 9 Dec 1916, p4 (art. 110, ""The Shops' Hours"", sub-head ""New Councillor""): monthly meeting ""on Tuesday evening""; unanimously agreed to appoint Mr H. J. Robertson (OCR garbled) in place of W. Spence Smith, ""who had resigned owing to failing health"".",ltc-1915-1916.md
st-19170106-p5-a113,shetland-times,1917-01-06,5,113,"meeting of Tue 2 Jan 1917; present include ""H. J. Robertson"".",ltc-1915-1916.md
st-19191018-p5-a082,shetland-times,1919-10-18,5,082,"""Municipal Election, 1919"": poll if needed on Tuesday 4 November, to elect seven Councillors in place of James Laing and Robert Henderson Ramsay (by rotation) and J. T. J. Sinclair, J. P. Henderson, C. B. Stout, M. L. Manson and H. J. Robertson (""elected ad interim"").",ltc-1915-1916.md
st-19191108-p4-a077,shetland-times,1919-11-08,4,077,"leader: of the seven returned, Pottinger, Morrison and Ollason were new members.",ltc-1919-1921.md
st-19191108-p4-a089,shetland-times,1919-11-08,4,089,"""The Result of the Poll"": Laing 656, M. L. Manson 610, J. J. Pottinger 546, then Morrison, Ollason, J. T. J. Sinclair and Ramsay (matches the DB).",ltc-1919-1921.md
st-19201016-p1-a009,shetland-times,1920-10-16,1,009,"election notice for four councillors ""in the place of"" Peter S. Goodlad, Robert D. Ganson, Alexander Ratter and William Sinclair, ""who retire by rotation"".",ltc-1920-1923.md
st-19210423-p4-a116,shetland-times,1921-04-23,4,116,Pottinger present at a Town Council meeting (the last found).,ltc-1919-1921.md
st-19210507-p4-a067,shetland-times,1921-05-07,4,067,"Shetland Times, Sat 7 May 1921, p4, ""Lerwick Town Council"": monthly meeting on Tuesday (3 May). Pottinger not among those present. (The same issue's ""Goodlad elected by nine votes to six"" is the Education Authority, not the Town Council.)",ltc-1919-1921.md
st-19210514-p4-a099,shetland-times,1921-05-14,4,099,"""Ex-Provost Goodlad"" in the chair of a meeting attended by Provost Ganson.",ltc-1919-1921.md
st-19210528-p5-a151,shetland-times,1921-05-28,5,151,Zetland County Council: J. T. J. Sinclair appointed to Pottinger's vacant seat for Lerwick Central (8 votes to 3 for Duffin). Pottinger had left the County Council too.,ltc-1919-1921.md
st-19210611-p5-a101,shetland-times,1921-06-11,5,101,"Shetland Times, Sat 11 Jun 1921, p5 (arts. 100–101), ""Lerwick Town Council"": monthly meeting ""on Tuesday evening"" (7 Jun). Under ""New Councillor Elected"", Manson moved William Bruce for ""the vacancy caused by the retiral of Mr J. J. Pottinger""; Ramsay moved J. M. Goodlad, who ""stood next to Mr Pottinger"". Five votes each; the Provost's casting vote went to Goodlad. Manson noted that whoever was co",ltc-1919-1921.md
st-19210709-p5-a128,shetland-times,1921-07-09,5,128,"Shetland Times, Sat 9 Jul 1921, p5 (arts. 125, 128): Goodlad present on Tue 5 Jul and given ""his predecessor, Mr J. J. Pottinger""'s committee places.",ltc-1919-1921.md
st-19211008-p4-a085,shetland-times,1921-10-08,4,085,"he would not reconsider; he could not give the time to all his other offices (Parish Council chairman, County Council, Insurance and Pensions Committees).",ltc-1919-1921.md
st-19211008-p5-a111,shetland-times,1921-10-08,5,111,"""Resignation of Bailie Sinclair"": a letter resigning as Magistrate and Councillor read at the monthly meeting on Tuesday (4 Oct); the Provost called it ""rather an unexpected resignation"".",ltc-1919-1921.md
st-19211008-p5-a115,shetland-times,1921-10-08,5,115,"""The Greetin' Meetin'"": the Clerk announced the retiring councillors as J. Smith, R. H. Ramsay, J. T. J. Sinclair and R. Ollason ""in the ordinary course"", J. M. Goodlad as an ad interim member, and Bailie Sinclair ""in virtue of his resignation"".",ltc-1920-1923.md
st-19211015-p4-a121,shetland-times,1921-10-15,4,121,"election notice for six councillors, same names.",ltc-1920-1923.md
st-19221014-p4-a066,shetland-times,1922-10-14,4,066,"local news: the retiring councillors are James Laing, M. L. Manson, James Morrison and G. H. Duffin (OCR garbled on the last name; confirmed by the notice below).",ltc-1920-1923.md
st-19221014-p4-a083,shetland-times,1922-10-14,4,083,"election notice: four councillors in place of Laing, Magnus Laurence Manson, Morrison and George Herbert Duffin, ""who retire by rotation"".",ltc-1920-1923.md
st-19221104-p5-a283,shetland-times,1922-11-04,5,283,"""No Poll"": the four retiring councillors were renominated and returned unopposed.",ltc-1920-1923.md
st-19231006-p4-a058,shetland-times,1923-10-06,4,058,"the four who retire by rotation are ""Provost Ganson, Bailie Ratter, and Councillors A. S. Manson and D. Murray"".",ltc-1920-1923.md
st-19231013-p4-a094,shetland-times,1923-10-13,4,094,"election notice, same four.",ltc-1920-1923.md
st-19231103-p4-a062,shetland-times,1923-11-03,4,062,"the four retiring members were re-nominated, with no other nominations. (The 27 Nov 1923 poll in the adverts is the Temperance Act poll, not the council election.)",ltc-uncontested-generals.md
st-19241025-p4-a060,shetland-times,1924-10-25,4,060,"nominations ""to-day (Friday)"". No new candidates had been mentioned, and several men who were approached declined.",ltc-uncontested-generals.md
st-19241101-p4-a091,shetland-times,1924-11-01,4,091,"Bruce, Ollason, J. T. J. Sinclair and E. S. Reid Tait were nominated. With no new candidates, the four were ""declared elected"".",ltc-uncontested-generals.md
st-19271022-p4-a061,shetland-times,1927-10-22,4,061,"a letter to the editor complains that ""we are to have no contest this year"".",ltc-uncontested-generals.md
st-19271029-p4-a073,shetland-times,1927-10-29,4,073,"""Retiring members re-nominated. No poll.""",ltc-uncontested-generals.md
st-19281103-p5-a090,shetland-times,1928-11-03,5,090,"""Retiring town councillors re-nominated"". No poll for the four vacancies.",ltc-uncontested-generals.md
st-19301101-p4-a070,shetland-times,1930-11-01,4,070,"""No poll this year. Four retiring members re-nominated.""",ltc-uncontested-generals.md
st-19311024-p4-a056,shetland-times,1931-10-24,4,056,"those retiring were Bailie John Campbell and Councillors M. L. Manson, G. H. Duffin and [Cogle; the snippet is cut off].",ltc-uncontested-generals.md
st-19311031-p4-a097,shetland-times,1931-10-31,4,097,"""No contest. Retiring councillors nominated.""",ltc-uncontested-generals.md
st-19331118-p5-a098,shetland-times,1933-11-18,5,098,Councillor Thomas Johnston's letter asking for six months' leave of absence; he had been laid aside by illness.,ltc-1934-1938.md
st-19341006-p4-a037,shetland-times,1934-10-06,4,037,"""Lerwick Town Councillor Killed"". His car went off the road near Pettawater on Sunday afternoon (30 Sep 1934); the doctor found he had probably died instantly.",ltc-1934-1938.md
st-19341013-p4-a078,shetland-times,1934-10-13,4,078,"the monthly meeting ""on Tuesday evening"" (9 Oct 1934), Provost Ollason presiding.",ltc-1934-1938.md
st-19341013-p4-a087,shetland-times,1934-10-13,4,087,"letter from Johnston resigning ""owing to ill-health""; accepted with regret.",ltc-1934-1938.md
st-19341013-p4-a088,shetland-times,1934-10-13,4,088,"retiring councillors are Bailies Cogle and Duffin and Councillors M. L. Manson and Thomas Johnston; ""The late Councillor Laurence Sandison was also due to retire"". Five vacancies.",ltc-1934-1938.md
st-19341103-p4-a045,shetland-times,1934-11-03,4,045,"preview. Vacancies from three retiring by rotation, ""the resignation of Mr Thomas Johnston"" and the death of Sandison.",ltc-1934-1938.md
st-19351102,shetland-times,1935-11-02,,,,
st-19360509-p4-a073,shetland-times,1936-05-09,4,073,"""Ex-Bailie Cogle Resigns from Council"". At the monthly meeting on Tuesday (5 May 1936), after the water debate, he resigned, ""definitely refused to reconsider"", and left the meeting.",ltc-1934-1938.md
st-19360704-p5-a106,shetland-times,1936-07-04,5,106,"obituary; he ""passed away on Sunday morning"" (28 Jun 1936).",ltc-1934-1938.md
st-19360711-p4-a101,shetland-times,1936-07-11,4,101,"monthly meeting ""on Tuesday evening"" (7 Jul 1936). T. A. Sinclair co-opted ""in room of Mr L. A. Cogle, who resigned""; Duffin's seat deferred to August.",ltc-1934-1938.md
st-19360711-p4-a106,shetland-times,1936-07-11,4,106,Sinclair chosen as the highest unsuccessful candidate at the last election; unanimous.,ltc-1934-1938.md
st-19360808-p4-a068,shetland-times,1936-08-08,4,068,"Shetland Times, Sat 8 Aug 1936, p4 (art. 068 and 074): ""Mr Thomas Irvine, Confectioner, Co-opted"" at the monthly meeting on Tuesday (4 Aug 1936), to the vacancy ""caused by the death of ex-Bailie Duffin"".",ltc-1934-1938.md
st-19360808-p4-a074,shetland-times,1936-08-08,4,074,"Shetland Times, Sat 8 Aug 1936, p4 (art. 068 and 074): ""Mr Thomas Irvine, Confectioner, Co-opted"" at the monthly meeting on Tuesday (4 Aug 1936), to the vacancy ""caused by the death of ex-Bailie Duffin"".",ltc-1934-1938.md
st-19361114-p4-a119,shetland-times,1936-11-14,4,119,"""Mr E. J. F. Clausen Co-opted to Council"" at the meeting following the statutory meeting, on Tuesday evening (10 Nov 1936).",ltc-1934-1938.md
st-19361114-p4-a127,shetland-times,1936-11-14,4,127,"Bailie Halcrow: with no contest they ""had to get a member"" (the uncontested 3 Nov general left one of five seats empty).",ltc-1934-1938.md
st-19371009,shetland-times,1937-10-09,,,,
st-19371030,shetland-times,1937-10-30,,,,
st-19371106-p4-a072,shetland-times,1937-11-06,4,072,"""The result"" of the 2 Nov 1937 poll (six seats): James Laing, J. J. Aitken, Wm. Anderson, J. L. Linklater, a fifth name the OCR garbles (the wiki has W. G. Smith), E. J. F. Clausen, then Dalziel and J. A. Williamson. Only the snippet was read, not the table itself; the order matches the wiki and Dalziel and Williamson being the next two co-opted in 1938.",ltc-1936-1945.md
st-19380101-p4-a080,shetland-times,1938-01-01,4,080,"Mr and Mrs Clausen to live in Thurso on his appointment as superintendent for Wick, Thurso, Orkney and Shetland.",ltc-1936-1945.md
st-19380108-p4-a076,shetland-times,1938-01-08,4,076,"at the monthly meeting ""on Tuesday evening"" (4 Jan 1938), a letter from Clausen, ""as he had taken up duty in the South"", resigning. Provost Smith said they were sorry to lose him.",ltc-1936-1945.md
st-19380205-p4-a077,shetland-times,1938-02-05,4,077,"""Member co-opted"": ""in place of Mr E. J. F. Clausen, resigned"", Captain Halcrow moved and Bailie Laing seconded Peter Dalziel; unanimous. The report opens with the monthly meeting held ""on Tuesday evening"", i.e. Tue 1 Feb 1938, not Thu 3 Feb.",ltc-1936-1945.md
st-19380730-p4-a083,shetland-times,1938-07-30,4,083,"died ""very suddenly on Friday afternoon of last week"" (22 Jul 1938), aged 54.",ltc-1934-1938.md
st-19380827,shetland-times,1938-08-27,,,,
st-19381029,shetland-times,1938-10-29,,,,
st-19381105-p4-a093,shetland-times,1938-11-05,4,093,"""Municipal Election. Four of Retiring Candidates Returned."" Polled ""on Tuesday"" (1 Nov). Nine candidates for five seats; the winners were Shearer (1260, the most votes ever at a municipal election), Ganson, William Sinclair (828), Dalziel and Irvine (760). Mouat (509) topped the losers, ahead of J. A. Williamson (490).",ltc-1940-1945.md
st-19400525-p4-a077,shetland-times,1940-05-25,4,077,"special meeting ""last evening"" (Fri 24 May) on the Police Act. Councillor W. G. Smith resigned verbally but agreed to reconsider; ""Councillor William Sinclair tendered his resignation in writing"", and he was also asked to reconsider.",ltc-1940-1945.md
st-19400608-p5-a094,shetland-times,1940-06-08,5,094,"""MR W. SINCLAIR ADHERES TO RESIGNATION"". Bailie Laing said they should ""declare the seat vacant"", which was agreed. This is part of the report of the June monthly meeting (headed ""Lerwick Town Council. Progress with Waste Paper Scheme"", same page), whose day is garbled in the OCR (""on.sl' the day evening""); the first Tuesday was 4 Jun.",ltc-1940-1945.md
st-19400706-p4-a059,shetland-times,1940-07-06,4,059,"report of the monthly meeting held over to next week; ""At this meeting Mr Andrew M. Mouat"" was co-opted.",ltc-1940-1945.md
st-19400713-p2-a028,shetland-times,1940-07-13,2,028,"""NEW COUNCILLOR CO-OPTED"", part of the report of the meeting ""on Tuesday evening of last week"" (2 Jul), Bailie Laing presiding. It was customary to co-opt the candidate next highest to the successful ones, and ""Mr Andrew Mouat held that position"".",ltc-1940-1945.md
st-19401228-p4-a062,shetland-times,1940-12-28,4,062,"""Death of Captain A. Halcrow. Sudden passing."" He died at home ""late on Christmas Eve"" (he had been out as usual on Tuesday), and was then a member of Lerwick Town Council, the County Council and the Harbour Trust.",ltc-1936-1945.md
st-19410111-p5-a048,shetland-times,1941-01-11,5,048,"""Tribute to Late Captain Halcrow. Co-Option of Mr. John A. Williamson"", at the Council's ""meeting on Tuesday"" (7 Jan 1941), Bailie Laing presiding.",ltc-1936-1945.md
st-19410111-p5-a054,shetland-times,1941-01-11,5,054,"""Member co-opted"": Williamson was ""the next highest on the list of candidates unsuccessful at last election"".",ltc-1936-1945.md
st-19410607-p2-a070,shetland-times,1941-06-07,2,070,"ST Sat 7 Jun 1941, p2 (art. 066 and 070): at ""the Council's meeting on Tuesday"" (3 Jun) the Clerk read Provost Smith's letter resigning as Councillor and Provost ""three weeks from this date"", on account of his illness; accepted with regret. The letter's date isn't given (Shearer had learnt of it the night before the meeting).",ltc-1940-1945.md
st-19410705-p2-a031,shetland-times,1941-07-05,2,031,"at the meeting ""on Tuesday evening"" (1 Jul) Major Shearer was appointed Provost, W. G. Smith Junior Bailie, and ""Mr. Arthur Johnston [Johnson] was co-opted to fill the vacancy"".",ltc-1940-1945.md
st-19410809-p2-a065,shetland-times,1941-08-09,2,065,"the resignations of two members ""who have not been able to attend meetings for some time past"" were intimated ""at the Council's meeting on Tuesday"" (5 Aug 1941).",ltc-wartime-1941.md
st-19410809-p2-a070,shetland-times,1941-08-09,2,070,"""RESIGNATION OF COUNCILLORS"". Linklater's letter of 26 July resigned ""three weeks from that date"" (16 Aug 1941); he was away and saw no early return. Irvine could not attend from December 1939 because of sixteen-hour working days. The Provost took it that both resignations were accepted.",ltc-wartime-1941.md
st-19410809-p2-a072,shetland-times,1941-08-09,2,072,"Ganson moved not to accept Linklater's (Private Linklater, in the Forces); Aitken said Linklater had always meant to leave. The vacancies were filled in October, so it was accepted.",ltc-wartime-1941.md
st-19411011-p2-a030,shetland-times,1941-10-11,2,030,"""The co-opting of two new members ... was agreed to unanimously at Tuesday's meeting"" (7 Oct 1941).",ltc-wartime-1941.md
st-19411011-p2-a034,shetland-times,1941-10-11,2,034,"""Two vacancies fell to be filled on the Council, following the resignations of Messrs J. L. Linklater and Thomas Irvine"": John Gear (proposed by Bailie Smith) and Charles Inkster (proposed by Williamson).",ltc-wartime-1941.md
st-19420228,shetland-times,1942-02-28,,,,
st-19420307-p2-a033,shetland-times,1942-03-07,2,033,"""Junior Bailie of Lerwick"": Bailie William G. Smith died ""on Saturday of last week"" (28 Feb 1942) in hospital in Glasgow, aged 44.",ltc-1936-1945.md
st-19420404-p2-a041,shetland-times,1942-04-04,2,041,"""Town Council Special Meeting. New Bailie Appointed. T. A. SINCLAIR CO-OPTED TO COUNCIL"", held ""on Tuesday, 31st March"".",ltc-1940-1945.md
st-19430206-p2-a057,shetland-times,1943-02-06,2,057,"""Resignation of Councillor Gear"": the Clerk read his letter (he was now postmaster at Lyness, Orkney), accepted as he could no longer attend. Part of the report of ""the monthly meeting ... on Tuesday evening"" (2 Feb), same page. The OCR runs this column into a seamen's conference report.",ltc-1940-1945.md
st-19430213-p2-a080,shetland-times,1943-02-13,2,080,"""Councillor Co-opted"": Robert Anderson (OCR ""Robert D.""; ""R. A."" everywhere else) appointed to Gear's vacancy, at the special meeting ""On Thursday evening"" (11 Feb), same page.",ltc-1940-1945.md
st-19441006-p3-a059,shetland-times,1944-10-06,3,059,"""TOWN COUNCIL TRIBUTE TO RETIRING COUNCILLOR"", meeting ""on Tuesday"" (3 Oct): a letter from Inkster ""tendering his resignation"" as he was leaving for the south; the Provost didn't ask him to reconsider.",ltc-1940-1945.md
st-19441110-p2-a042,shetland-times,1944-11-10,2,042,"November meeting ""on Tuesday evening"" (7 Nov): ""Mr Prophet Smith has been co-opted"" for Inkster.",ltc-1940-1945.md
st-19450112-p3-a048,shetland-times,1945-01-12,3,048,"""COUNCILLOR DEPARTS"": a letter ""dated 2nd January"" from Prophet Smith resigning, as he was leaving for an appointment in Greenock. Read at the monthly meeting ""on Tuesday"" (9 Jan), art. 047.",ltc-1940-1945.md
st-19450209-p2-a044,shetland-times,1945-02-09,2,044,"the monthly meeting ""on Tuesday"" (6 Feb) filled ""the vacancy ... caused by the resignation of Mr Prophet Smith"" with Alexander Morrison, Brown's Buildings.",ltc-1940-1945.md
st-19451005-p2-a041,shetland-times,1945-10-05,2,041,"""50 PER CENT RETIRE"": Mouat, J. A. Williamson, Johnson, T. A. Sinclair, R. A. Anderson and Alexander Morrison. Present and staying on: Provost Shearer, Bailies Aitken and Dalziel, Councillor Ganson.",ltc-1945-1953.md
st-19451102-p2-a034,shetland-times,1945-11-02,2,034,"""TOWN COUNCIL ELECTION. FOR SIX SEATS ELEVEN CANDIDATES""; nominations closed Friday 26 Oct.",ltc-1940-1945.md
st-19451109-p2-a047,shetland-times,1945-11-09,2,047,"the first post-war election; ""by Tuesday there was every indication of a keen fight. Fortunately, the day was fine"", 1991 votes, result announced at 2.15 a.m.",ltc-1940-1945.md ltc-1945-1956.md
st-19451116-p3-a076,shetland-times,1945-11-16,3,076,"""Resignation"": a letter from Councillor Laing intimating his retiral, which ""will come into force on the 29th of November""; Provost Shearer said he had been in poor health.",ltc-1936-1945.md
st-19451214-p3-a076,shetland-times,1945-12-14,3,076,"""Ex-Provost Laing's seat filled"": Arthur Johnston, highest of the unsuccessful candidates at the recent election, chosen at the meeting ""on Monday evening"" (10 Dec 1945).",ltc-1936-1945.md
st-19460308-p2-a016,shetland-times,1946-03-08,2,016,"the council adjourned at its monthly meeting ""on Tuesday"" (5 Mar) in respect to the late Councillor David Gray, ""whose passing occurred on Monday evening of this week"" (4 Mar). Tribute in art. 017; public funeral notice p1 art. 069.",ltc-1945-1956.md
st-19461004-p5-a071,shetland-times,1946-10-04,5,071,"meeting of Tue 1 Oct 1946. The Town Clerk's list: ""Bailie J. J. Aitken, Bailie P. Dalziel, and Councillors W. Anderson, Ar. Johnson, and T. A. Sinclair"". Johnson ""took the place of ex-Provost Laing"", so counted in the one-third quota; Sinclair (co-opted for David Gray) retired as a co-opted member.",ltc-1945-1953.md
st-19461101-p4-a044,shetland-times,1946-11-01,4,044,"""ELECTION SELECTION"": Lerwick electors ""will find Tuesday's choice a difficult matter"", twelve candidates for five seats (art. 048: ""TWELVE NOMINATIONS: FIVE VACANCIES"").",ltc-1945-1956.md
st-19461108-p4-a059,shetland-times,1946-11-08,4,059,"the Harbour Trust election ""coincided with the municipal election on Tuesday"". Result, ""HOW THEY FARED"" (p4 art. 061): Aitken 1221, Burgess 987, Brownlie 829, ... (matches the DB).",ltc-1945-1956.md
st-19461108-p4-a061,shetland-times,1946-11-08,4,061,"the Harbour Trust election ""coincided with the municipal election on Tuesday"". Result, ""HOW THEY FARED"" (p4 art. 061): Aitken 1221, Burgess 987, Brownlie 829, ... (matches the DB).",ltc-1945-1956.md
st-19470523-p7-a145,shetland-times,1947-05-23,7,145,"Zetland County Council meeting on Tuesday (20 May). After Mr Jamieson's resignation was accepted, ""the petition for the election of Lt. Col. Shearer to the vacancy was signed by 207 persons"", and he was appointed. This is the Whalsay and Skerries seat (election 692, dated 1947-05-01 in the DB). Probably why he left the town council the next month, though no article says so.",ltc-1947-shearer-dalziel.md
st-19470606-p1-a018,shetland-times,1947-06-06,1,018,Burgh notice names a meeting of the Town Council on 1 July 1947.,ltc-1947-shearer-dalziel.md
st-19470606-p4-a084,shetland-times,1947-06-06,4,084,"monthly meeting on Tuesday (3 Jun). Present: Provost Aitken, Bailies L. W. Smith and R. A. Anderson, Councillors Burgess, W. Anderson, Peterson, Ollason, Morrison, A. Johnson and Brownlie. Shearer was not present.",ltc-1947-shearer-dalziel.md
st-19470704-p5-a097,shetland-times,1947-07-04,5,097,"""EX-BAILIE RETURNS TO COUNCIL TABLE"", the report of ""the monthly meeting of Lerwick Town Council on Tuesday evening"" (1 Jul).",ltc-1947-shearer-dalziel.md
st-19470704-p5-a098,shetland-times,1947-07-04,5,098,"""Ex-Bailie Peter Dalziel returns to the Council in place of Lt.-Col. Magnus Shearer, who resigned last month."" Dalziel had topped the losers in 1946.",ltc-1945-1953.md ltc-1947-shearer-dalziel.md
st-19471010-p4-a083,shetland-times,1947-10-10,4,083,"standing down are ""Bailie R. A. Anderson and Councillors R. J. H. Ganson, A. Morrison, and P. Dalziel who was recently co-opted to fill the vacancy left by Lt.-Col. M. Shearer"".",ltc-1945-1953.md
st-19471010-p4-a084,shetland-times,1947-10-10,4,084,"Anderson and Morrison, the lowest of the six winners of 1945 (904 and 903), retire after two years to make up the retiring number.",ltc-1945-1953.md
st-19490311-p5-a074,shetland-times,1949-03-11,5,074,"elections ""put back six months"", so the next is on 3 May 1949. Retiring: Bailie L. W. Smith and J. G. Peterson (elected 1945); ""Treasurer R. Ollason remained in office ... two years further because of his appointment last year as treasurer""; so the two lowest winners of 1946 retire, ""Councillor W. S. Anderson and Councillor Arthur Johnson"".",ltc-1945-1953.md
st-19490429-p4-a050,shetland-times,1949-04-29,4,050,"""Tuesday first is polling day in the Town Council election""",ltc-election-dates-1949-1964.md
st-19490429-p7-a100,shetland-times,1949-04-29,7,100,"""Only seven County Council elections"". There will be only seven polls ""in the County Council election on 10th May"".",zcc-election-dates-1949-1964.md
st-19490916-p3-a030,shetland-times,1949-09-16,3,030,"same issue, the council's ""monthly meeting on Tuesday"" (13 Sep). No other meeting is reported that week, so the co-option is taken as the same meeting.",ltc-election-dates-1949-1964.md
st-19490916-p5-a055,shetland-times,1949-09-16,5,055,"""Politics Laid Aside for Co-Option"". Johnson was invited to fill the vacancy ""caused by the resignation of Mr James H. Brownlie"". His letter, read at the same meeting, said he had been ""granted six months' leave of absence earlier this year"" when ill, and was now being transferred south. So the resignation and the co-option were the same meeting (Tue 13 Sep 1949, ltc-election-dates-1949-1964.md), ",ltc-1945-1956.md ltc-election-dates-1949-1964.md
st-19500317-p4-a053,shetland-times,1950-03-17,4,053,"""Four members retire this time— Provost J. J. Aitken, Bailie G. H. Burgess, Councillor J. D. Williamson, and Councillor Arthur Johnson.""",ltc-1945-1953.md
st-19500421-p4-a047,shetland-times,1950-04-21,4,047,"""will therefore take place on Tuesday, 2nd May""",ltc-election-dates-1949-1964.md
st-19500623-p5-a084,shetland-times,1950-06-23,5,084,"two petitions for ""the vacancy existing in the Tingwall Division, due to the resignation of Mr George Ross"", for G. M. Nelson and G. K. Spence, ""who is already a member of the County Council representing South Yell"". A similar by-election would follow in Yell South ""if Mr Spence carries out his intention"". Ross's resignation was accepted ""at the Council meeting on Tuesday"" (20 Jun).",zcc-by-elections.md
st-19500721-p4-a051,shetland-times,1950-07-21,4,051,"""Mr Spence recently resigned his Yell seat to contest Tingwall"".",zcc-by-elections.md
st-19500721-p5-a058,shetland-times,1950-07-21,5,058,"South Yell nominations: Charles A. Guthrie and John Williamson, Bankend House, Ulsta.",zcc-by-elections.md
st-19500728-p1-a004,shetland-times,1950-07-28,1,004,"election address to the electors of Yell South: the poll is ""TUESDAY, 1st August"", at East Yell Public School.",zcc-by-elections.md
st-19500804-p4-a060,shetland-times,1950-08-04,4,060,"""BY-ELECTIONS"": Spence 233, Nelson 106 (Tingwall); in Yell South ""the former representative has been returned"" (Williamson, who sat 1940–49). Matches the DB votes.",zcc-by-elections.md
st-19500818-p4-a055,shetland-times,1950-08-18,4,055,"""Mr Spence having vacated membership of Yell South to contest Tingwall"".",zcc-by-elections.md
st-19510413-p4-a047,shetland-times,1951-04-13,4,047,"ST Fri 13 Apr 1951, p4 (art. 047 and 048): meeting of Tue 10 Apr 1951; Provost Anderson thanked ""all four of the retiring members"": Blance, Inkster, Morrison and Ollason (the only four nominated until Mouat stood).",ltc-1945-1953.md ltc-1954-result.md
st-19510413-p4-a048,shetland-times,1951-04-13,4,048,"ST Fri 13 Apr 1951, p4 (art. 047 and 048): meeting of Tue 10 Apr 1951; Provost Anderson thanked ""all four of the retiring members"": Blance, Inkster, Morrison and Ollason (the only four nominated until Mouat stood).",ltc-1945-1953.md
st-19510413-p6-a068,shetland-times,1951-04-13,6,068,"council business, ""Bailie Inkster and Councillor Conochie"".",ltc-1954-result.md
st-19520418-p4-a055,shetland-times,1952-04-18,4,055,"""EIGHT CANDIDATES FOR FOUR SEATS""; the starred retiring members are Peterson, Johnson, W. S. Anderson and Conochie (""has just completed his first three-year period"").",ltc-1945-1953.md
st-19520502-p3-a043,shetland-times,1952-05-02,3,043,"""Municipal Election Tuesday 6th May, 1952"" (advert)",ltc-election-dates-1949-1964.md
st-19520502-p5-a074,shetland-times,1952-05-02,5,074,"District Council contests ""in ten days time"".",zcc-election-dates-1949-1964.md
st-19520509-p4-a066,shetland-times,1952-05-09,4,066,"""Polling day"". The town has had its election, and ""the county will have its turn on Tuesday first"": 13 May. The baseline's 5 May is neither the town's day (6 May) nor the county's.",zcc-election-dates-1949-1964.md
st-19520509-p5-a081,shetland-times,1952-05-09,5,081,"ST Fri 9 May 1952, p5 (art. 081, report art. 080): ""SUCCESSFUL"": Peterson 790, Johnson, Conochie 673, Tait; unsuccessful Robertson 603, More, W. S. Anderson 555, Davidson 492. Matches the DB (Johnson 718, Tait 662; the OCR loses those two figures).",ltc-1945-1956.md
st-19530313-p4-a062,shetland-times,1953-03-13,4,062,"""The four are Messrs R. A. Anderson, J. J. Aitken, G. H. Burgess, and J. D. Williamson.""",ltc-1945-1953.md
st-19530501-p4-a044,shetland-times,1953-05-01,4,044,"""The Town Council election takes place on Tuesday first""",ltc-election-dates-1949-1964.md
st-19530508-p5-a151,shetland-times,1953-05-08,5,151,"""THE RESULT"": R. A. Anderson 1144, Burgess 1041, Eunson 973 (OCR ""9713""), Gray; unsuccessful J. D. Williamson first. Matches the DB.",ltc-1945-1956.md
st-19540423-p4-a056,shetland-times,1954-04-23,4,056,"""eight candidates for the municipal election"".",ltc-election-dates-1949-1964.md
st-19540507-p4-a048,shetland-times,1954-05-07,4,048,"(\* = retiring member.) Text: ""There are 3950 on the roll, but of these 32 are not eligible to vote until the autumn"", an effective 3918, and the percentage poll ""was 48.85"". Hourly figures end ""8, 1913, including 16 postal votes"". (1913/3918 is 48.83%; the DB stores 48.8.) Halcrow is ""the first woman candidate to be successful at the Lerwick poll for nineteen years"". The ""rejection of Mr John N. ",ltc-1954-result.md ltc-election-dates-1949-1964.md
st-19540514-p7-a118,shetland-times,1954-05-14,7,118,"statutory meeting ""last Friday night"" (7 May). New junior Bailie Robert B. Blance ""was third (only 21 votes behind the top-of-the poll candidate) in last week's municipal election"". Miss Grace M. T. Halcrow welcomed as the new member, and the three retiring members who were successful.",ltc-election-dates-1949-1964.md
st-19550311-p4-a050,shetland-times,1955-03-11,4,050,"""RETIRING COUNCILLORS"": ""Retiring Councillors in May are Bailie W. K. Conochie, Dean of Guild Arthur Johnson, and Councillors J. G. Peterson and J. W. Tait"".",ltc-1945-1956.md
st-19550429-p4-a062,shetland-times,1955-04-29,4,062,"""Tuesday first is the Town Council polling day""",ltc-election-dates-1949-1964.md
st-19550506-p5-a073,shetland-times,1955-05-06,5,073,"""County election on Tuesday"". Electors in seven parishes go to the poll ""on Tuesday first, 10th"". The baseline's Thursday 5 May has no support.",zcc-election-dates-1949-1964.md
st-19550513,shetland-times,1955-05-13,,,,
st-19560316-p2-a027,shetland-times,1956-03-16,2,027,"retiring are Provost Burgess, ex-Provost Anderson, Councillors Eunson, Gray and Johnson: ""the first four retire by rotation, the last-mentioned as a co-opted member"". All five were returned unopposed.",ltc-1955-1965.md
st-19560413-p4-a064,shetland-times,1956-04-13,4,064,"""No municipal election this year"": the first since the war. Nominations closed on the Tuesday.",ltc-uncontested-generals.md
st-19570419-p4-a052,shetland-times,1957-04-19,4,052,"""NO ELECTION THIS YEAR"": ""only the four retiring councillors had been nominated"": Robert B. Blance, Alexander Morrison, Andrew J. Nicolson, Robert Ollason. Grace Halcrow is not among them (the wiki has her).",ltc-1955-1965.md
st-19570517-p6-a080,shetland-times,1957-05-17,6,080,"statutory meeting; the Provost thanked ""the four retiring members"" for standing again.",ltc-1955-1965.md
st-19580117-p5-a074,shetland-times,1958-01-17,5,074,"John W. Eunson's resignation ""was accepted by the Council at Tuesday night's meeting"" (14 Jan 1958).",ltc-1955-1965.md
st-19580124-p5-a070,shetland-times,1958-01-24,5,070,"on the Provost's casting vote, a special meeting decided to leave Eunson's seat vacant until the May election.",ltc-1955-1965.md
st-19580314-p4-a049,shetland-times,1958-03-14,4,049,"Bailie Tait and Councillor Daniel ""have been longest on the Council, and automatically retire"". The other two places were drawn by lot from the five who entered unopposed in 1956 (Anderson, Burgess, Eunson, H. Gray, Johnson), Eunson included: ""Out came G. H. Burgess and A. Johnson"". So five vacancies in May.",ltc-1955-1965.md
st-19580425-p4-a062,shetland-times,1958-04-25,4,062,"""Six County Council elections"". The sitting member for Cunningsburgh, Miss Grace Halcrow, ""is being opposed by Mrs Joan McLeod"", the first time a division had an all-female choice.",grace-halcrow-county.md
st-19580509-p4-a051,shetland-times,1958-05-09,4,051,"""County elections"". ""Tuesday first is polling day in the county."" Halcrow ""has withdrawn from Cunningsburgh"", leaving McLeod returned unopposed.",grace-halcrow-county.md
st-19580509-p4-a054,shetland-times,1958-05-09,4,054,"""With poor weather on Tuesday"" (result report)",ltc-election-dates-1949-1964.md
st-19580516-p5-a061,shetland-times,1958-05-16,5,061,"""Three out of five were very close"". Polling took place in five County Council elections ""on Tuesday"": 13 May.",zcc-election-dates-1949-1964.md
st-19580606-p4-a050,shetland-times,1958-06-06,4,050,"Tait, the poll-topper made Bailie and Dean of Guild, ""has had to intimate his resignation"" (date not given).",ltc-1955-1965.md ltc-1958-1962-resignations.md
st-19580620-p2-a021,shetland-times,1958-06-20,2,021,"""Bailie J. W. Tait's departure"". His formal resignation was submitted ""at last Tuesday's Council meeting"" (Tue 17 Jun 1958), leaving the Council to fix the operative date. The Council ""decided not to appoint a successor until next Tuesday"", so he ""left Shetland as a Bailie"" (on Sat 14 Jun). The town clerk said a resignation normally took effect after three weeks, or earlier if the notice gave a da",ltc-1958-1962-resignations.md
st-19580627-p4-a055,shetland-times,1958-06-27,4,055,"special meeting ""on Tuesday night"" (24 Jun 1958): the vacancy from ""the recent retiral of Bailie J. W. Tait"" filled by co-opting Arthur Johnson.",ltc-1955-1965.md
st-19590313-p5-a059,shetland-times,1959-03-13,5,059,"retiring by rotation: Provost Conochie (""four years without facing a contest""), Bailie Harry Gray and ex-Provost Anderson (""three years""), Councillor A. J. Nicolson (""two years (his place was decided by lot some months ago)""), and Arthur Johnson, co-opted after the last election.",ltc-1955-1965.md
st-19590501-p8-a120,shetland-times,1959-05-01,8,120,"""the Town Council election on the 5th May, 1959"" (OCR ""sth"")",ltc-election-dates-1949-1964.md
st-19590814-p4-a035,shetland-times,1959-08-14,4,035,"at the monthly meeting ""on Tuesday"" (11 Aug 1959) a letter from M. J. Sandison resigning (he might be employed by the Education Department).",ltc-1955-1965.md
st-19590911-p6-a073,shetland-times,1959-09-11,6,073,"ex-Bailie Harry Gray, top of the unsuccessful in May, ""was co-opted to the Town Council last Thursday"" (3 Sep 1959).",ltc-1955-1965.md
st-19600415-p4-a060,shetland-times,1960-04-15,4,060,"""Eight candidates for five seats"". Ollason decided not to re-stand; ""the other four retiring councillors"" (marked *) are Daniel, Eric Gray, Harry Gray and Morrison. Blance (Provost) is not retiring.",ltc-1955-1965.md ltc-election-dates-1949-1964.md
st-19610317-p4-a041,shetland-times,1961-03-17,4,041,"due to retire in May: Burgess, Strachan, Conochie, Johnson.",ltc-1955-1965.md
st-19610428-p4-a028,shetland-times,1961-04-28,4,028,"News in brief. Five County Council elections ""a week from Tuesday"", i.e. Tuesday 9 May.",zcc-election-dates-1949-1964.md
st-19610505,shetland-times,1961-05-05,,,,
st-19610512-p5-a065,shetland-times,1961-05-12,5,065,"""Shocks for retiring councillors"". The count for all five was in the County Buildings ""on Wednesday afternoon"" (10 May), the day after polling.",zcc-election-dates-1949-1964.md
st-19610512-p7-a099,shetland-times,1961-05-12,7,099,"""Newly-elected councillor resigns"": the Rev. Kenneth Thomson, third in the poll, resigned at Friday's statutory meeting (5 May 1961); he held a teaching post and was ineligible.",ltc-1955-1965.md ltc-election-dates-1949-1964.md
st-19610616-p3-a057,shetland-times,1961-06-16,3,057,"""Co-opted to Town Council"": Robert Strachan, who headed the unsuccessful candidates, co-opted at ""Tuesday's Town Council meeting"" (13 Jun 1961) for Thomson's vacancy. The wiki's ""By-Election May 1961"" was this June co-option.",ltc-1955-1965.md
st-19620316-p4-a066,shetland-times,1962-03-16,4,066,"""RETIRING COUNCILLORS"": Provost R. B. Blance, elected May 1957 and on the council without an election since, ""owing to his elevation to the Provost's chair in 1959""; Anderson and Nicolson, elected 1959; James J. Paton, ""lowest of the successful candidates in 1960""; and Robert Strachan, co-opted last June.",ltc-1955-1965.md
st-19620615,shetland-times,1962-06-15,,,,
st-19620706-p2-a023,shetland-times,1962-07-06,2,023,"the Town Council report of the July meeting (Tue 3 Jul) covers the Planning Committee (the Post Office engineering centre site). The OCR has no mention of Daniel, a resignation or a vacancy.",ltc-1958-1962-resignations.md
st-19620810-p6-a090,shetland-times,1962-08-10,6,090,"M. M. Shearer co-opted to replace J. A. Daniel, ""who recently submitted his resignation"" (date not given).",ltc-1955-1965.md ltc-1958-1962-resignations.md
st-19630419-p5-a079,shetland-times,1963-04-19,5,079,"four vacancies. Ex-Provost Conochie is not seeking re-election; the other retiring members are Eric Gray, Morrison and Shearer. Harry Gray is not retiring.",ltc-1955-1965.md ltc-election-dates-1949-1964.md
st-19640417-p4-a054,shetland-times,1964-04-17,4,054,"Halcrow ""was elected to the Town Council ten years ago, but served for only one year before resigning"" for the county council. Confirms she was not on the council 1957–60.",ltc-1955-1965.md
st-19640501-p4-a087,shetland-times,1964-05-01,4,087,"""on Election Day, Tuesday, 5th of May"" (OCR ""sth"")",ltc-election-dates-1949-1964.md
st-19640508-p4-a050,shetland-times,1964-05-08,4,050,"News in brief. The County and District Council elections ""take place in Shetland on Tuesday first"", with counts on the Wednesday.",zcc-election-dates-1949-1964.md
st-19640508-p4-a055,shetland-times,1964-05-08,4,055,"""THE RESULT"". Successful: J. J. Taylor 820, Miss Halcrow 799, A. Johnson 753, P. Robertson 741; A. I. Anderson (686) lost. Same figures as the baseline.",ltc-1965-1970.md
st-19650416-p5-a056,shetland-times,1965-04-16,5,056,"""NO MUNICIPAL ELECTION"": only the four retiring members were nominated (Anderson, H. Gray, Nicolson, Paton: the four returned).",ltc-1955-1965.md ltc-uncontested-generals.md
st-19660415-p5-a079,shetland-times,1966-04-15,5,079,"""Only one new council aspirant"". There were five candidates for four seats: the retiring Senior Bailie Eric Gray, Junior Bailie Robert Adair, Dean of Guild Alex. Morrison and Magnus Shearer, plus John R. Smith (Labour, county councillor for Bressay). A poll was set for 3 May.",ltc-uncontested-generals.md
st-19660422-p4-a060,shetland-times,1966-04-22,4,060,"""No election"". Junior Bailie Adair (Labour) ""decided not to seek re-election"", so the four remaining candidates were returned unopposed.",ltc-uncontested-generals.md
st-19670414-p4-a059,shetland-times,1967-04-14,4,059,"Same page (art. 059, ""News in brief""): ten candidates for four seats; ""All four retiring members"": Miss Grace Halcrow, Arthur Johnson, Peter Robertson and James J. Taylor.",ltc-1965-1970.md
st-19670414-p4-a061,shetland-times,1967-04-14,4,061,"ST Fri 14 Apr 1967, p4 (art. 061, ""First election in three years""): at Tuesday's meeting (11 Apr) the council heard Provost A. J. Nicolson ""is having to resign because of ill-health""; the resignation ""becomes effective on 27th April"", and the council would probably co-opt an unsuccessful candidate. He had joined in 1955, Bailie 1959, Provost 1965.",ltc-1965-1970.md
st-19670512-p3-a046,shetland-times,1967-05-12,3,046,"ST Fri 12 May 1967, p3 (art. 046, ""He will be Provost for one year""): ""Miss Grace Halcrow was co-opted, in place of Provost A. J. Nicolson ... at the statutory meeting of the council last Friday night"" (5 May). Eric Gray was made Provost at the Tuesday meeting (9 May), since the Provostship vacancy needed five days' notice.",ltc-1965-1970.md
st-19670630-p6-a127,shetland-times,1967-06-30,6,127,"obituary. ""On Sunday morning"" Shetland lost ex-Provost Robert A. Anderson, at home at 9 North Lochside, aged 64.",ltc-1965-1970.md
st-19670707-p4-a074,shetland-times,1967-07-07,4,074,"death notice, ""on 25th June, 1967, Robert Andrew"".",ltc-1965-1970.md
st-19670811-p4-a067,shetland-times,1967-08-11,4,067,"Ronald P. Cumming ""has been co-opted as a Lerwick town councillor in succession to the late ex-Provost R. A. Anderson""; he was an unsuccessful May candidate. Harry Gray became Hon. Treasurer.",ltc-1965-1970.md
st-19670811-p5-a094,shetland-times,1967-08-11,5,094,"Same issue, p5 (art. 094, ""Faroe gift""): ""At Tuesday night's Town Council meeting"" (8 Aug). The co-option isn't dated in the paper, but the only meeting that week was Tuesday's, and the 4 Aug paper doesn't mention it (cumming council, 23 Jun–25 Aug: one hit, 11 Aug).",ltc-1965-1970.md
st-19680315-p5-a078,shetland-times,1968-03-15,5,078,"ST Fri 15 Mar 1968, p5 (art. 078, ""Four retiring councillors""): due to retire in May are ""the Hon. Treasurer Harry Gray, Mr J. J. Paton, and the two co-opted members, Miss"" (Halcrow) and Cumming (from the snippet; the four are the 1965 cohort's seats).",ltc-1965-1970.md
st-19680419-p4-a059,shetland-times,1968-04-19,4,059,"""Eight candidates for four seats"". Nominations closed on Tuesday. Paton (Lab.), Halcrow, Cumming and H. Gray (Ind.) seek re-election; the new candidates include W. P. L. Thomson and Robert Adair (Lab.) and Tom Moncrieff (Ind.), now eligible because the town's seats on the County Council were cut from twelve to nine. ""Polling takes place in Lerwick on 7th May.""",ltc-1968-polling-day.md
st-19680510-p4-a062,shetland-times,1968-05-10,4,062,"""The result"". Successful: Cumming 791, H. Gray 724, W. Thomson 686, Halcrow 577. Unsuccessful: Paton 573, Adair 555, Moncrieff 399, D. Leask 372. These are the same figures as the baseline. The council stays eight Independent and four Labour.",ltc-1968-polling-day.md
st-19690314-p1-a002,shetland-times,1969-03-14,1,002,"retiring are ""Messrs M. M. Shearer, A. Morrison, J. R. Smith (all elected in 1966) and W A. Smith (least successful candidate in 1967)"". Eric Gray, also elected in 1966, is Provost and not in the list.",ltc-1969-1973.md
st-19690509-p1-a149,shetland-times,1969-05-09,1,149,"""THE RESULT"". Successful: Alex. Morrison 1290, James J. Paton 1060, W. A. Smith 1054, John R. Smith 893; Furnival 807 and Moncrieff 557 lost. Same as the baseline.",ltc-1965-1970.md
st-19700313-p9-a196,shetland-times,1970-03-13,9,196,"""Both Lerwick's bailies are due to retire by rotation"": Bailies Robertson and Taylor, G. W. Blance and Miss G. M. T. Halcrow.",ltc-1969-1973.md
st-19700417-p1-a002,shetland-times,1970-04-17,1,002,"seven candidates for four seats; Blance and Taylor re-stand, Robertson and Halcrow ""did not lodge papers"" (she blamed the winter's weather).",ltc-1969-1973.md
st-19700417-p1-a003,shetland-times,1970-04-17,1,003,"""on Tuesday night a letter from Mr John R. Smith was read, intimating his resignation"" (Tue 14 Apr 1970). The council ""will be one member short when the result is declared"".",ltc-1969-1973.md
st-19700515-p11-a097,shetland-times,1970-05-15,11,097,"Adair co-opted ""at Friday's statutory meeting"" (Fri 8 May 1970) as ""the unsuccessful candidate with the highest number of votes"".",ltc-1969-1973.md
st-19710312-p8-a061,shetland-times,1971-03-12,8,061,"""Five members ... are due to retire in May"": Provost Eric Gray, Hon. Treas. Harry Gray, R. P. Cumming, W. P. Thomson and R. Adair.",ltc-1969-1973.md
st-19710416,shetland-times,1971-04-16,,,,
st-19720317-p9-a090,shetland-times,1972-03-17,9,090,"retiring before the 2 May election are ""Mr Alex. Morrison, Mr J. J. Paton, Mr W. Peterson and Mr A. J. R. Tait"". Peterson and Tait were elected in 1970; W. A. Smith (1969) is Provost and not in the list.",ltc-1969-1973.md
st-19720414-p1-a001,shetland-times,1972-04-14,1,001,"no election ""for the second year in succession""; four nominations (Laurenson, and retiring Morrison, Paton, Peterson). Provost W. A. Smith regretted Tait was not standing.",ltc-1969-1973.md
st-19730413-p1-a002,shetland-times,1973-04-13,1,002,"""For the third year in succession"" no poll: ""only the four retiring councillors had been nominated"". The list is Blance, Butler, and (OCR cut off) the other two; the 1973 winners are Blance, Butler, E. Gray and Taylor.",ltc-1969-1973.md
st-19321029-p5-a039,shetland-times,1932-10-29,5,039,"""Town Council Election. Nine Candidates for Five Seats"": poll Tue 1 Nov 1932; four retiring members stand (Bruce, Manson, Morrison, Sandison); ex-Provost R. D. Ganson, elected 1911, does not seek re-election.",ltc-previews-1932-1936.md
st-19331104-p4-a083,shetland-times,1933-11-04,4,083,"""The Municipal Election. Eight Candidates for Four Seats"": the four retiring Councillors are Provost W. Sinclair, Bailie Ollason, ex-Provosts J. Laing and J. T. J. Sinclair; poll Tue 7 Nov 1933.",ltc-previews-1932-1936.md
st-19361031-p4-a074,shetland-times,1936-10-31,4,074,"""Four Candidates for Five Seats"": no poll; Halcrow, Irvine, Shearer and T. A. Sinclair to be declared elected Tue 3 Nov 1936. Irvine and T. A. Sinclair were co-opted; Provost Ollason and C. A. Manson, retiring, did not seek re-election.",ltc-previews-1932-1936.md
st-18740907-p3-a032,shetland-times,1874-09-07,3,032,Acting Chief Magistrate C. G. Duncan certifies Arthur James Hay and John Robertson senior elected Senior and Junior Bailie on 3 Sep 1874: the first group (paper then dated Mondays).,ltc-1874-1883.md
st-18761028-p3-a045,shetland-times,1876-10-28,3,045,Notice: the first election of Town Council under the Lerwick Act of 1876 on Tuesday 7 Nov 1876; twelve to be elected.,ltc-1874-1883.md
st-18761111-p2-a050,shetland-times,1876-11-11,2,050,"Result of the poll, 7 Nov 1876: twelve elected in order (Hunter 119 to L. G. Stove 69), six not; 252 on the roll and 187 voted.",ltc-1874-1883.md
st-18771027-p2-a024,shetland-times,1877-10-27,2,024,Notice: annual election of four councillors on Tuesday 6 Nov 1877; nominations by Thursday 1 Nov.,ltc-1874-1883.md
st-18771103-p2-a044,shetland-times,1877-11-03,2,044,"The four retiring Councillors (Jamieson, W. Robertson, Leisk, Stove) re-nominated, no other nominations, no poll.",ltc-1874-1883.md
st-18780126-p2-a028,shetland-times,1878-01-26,2,028,Special meeting on Thursday (24 Jan 1878) to fill the vacancy caused by the resignation of Bailie Sievwright: John Robertson junior unanimously elected.,ltc-1874-1883.md
st-18781102-p1-a018,shetland-times,1878-11-02,1,018,"Town Clerk's notice of 1 Nov 1878: Arthur J. Hay, John Robertson sen., John Robertson jun. and Robert Sinclair proposed; no more than the vacancies, so no poll.",ltc-1874-1883.md
st-18791101-p2-a057,shetland-times,1879-11-01,2,057,"Four retiring: Major Cameron, G. H. B. Hay and James Hunter re-nominated; Arthur Laurenson would not allow himself to be re-nominated, leaving a vacancy.",ltc-1874-1883.md
st-18801030-p2-a043,shetland-times,1880-10-30,2,043,"W. Robertson, Jamieson, L. G. Stove and Leisk re-nominated and James M. Goudie nominated for the other vacancy; no poll.",ltc-1874-1883.md
st-18801211-p2-a037,shetland-times,1880-12-11,2,037,"William Duncan, elected at the last meeting to the place vacant by the resignation of James M. Goudie, took the oath.",ltc-1874-1883.md
st-18811022-p2-a018,shetland-times,1881-10-22,2,018,Notice: election of councillors to supply five vacancies on Tuesday 1 Nov 1881; nominations by Thursday 27 Oct.,ltc-1874-1883.md
st-18811029-p2-a026,shetland-times,1881-10-29,2,026,"Five vacancies: Bailies Robertson and Hay, Robert Sinclair and J. Robertson jr retire in rotation and Duncan (elected to a vacancy) must seek re-election; Sinclair not standing, James Tulloch jr nominated; no poll.",ltc-1874-1883.md
st-18821104-p2-a040,shetland-times,1882-11-04,2,040,"Of the four retiring, Major Cameron, James Hunter and James Tulloch re-nominated; Mr Hay not; Alexander Mitchell nominated for the fourth vacancy.",ltc-1874-1883.md
st-18831027-p2-a067,shetland-times,1883-10-27,2,067,"Five vacancies: Jamieson, Leisk and L. G. Stove whose term has expired, the resignation of Major Cameron and the decease of William Robertson.",ltc-1874-1883.md
st-18831103-p2-a083,shetland-times,1883-11-03,2,083,"Jamieson, Leisk and L. G. Stove re-nominated; Frank H. Halcrow and Gilbert Harrison nominated to the other two vacancies.",ltc-1874-1883.md
st-18831110-p2-a094,shetland-times,1883-11-10,2,094,"New councillors: Leisk, Stove, Jamieson, Halcrow and Harrison attended and declared their acceptance.",ltc-1874-1883.md
st-18841115-p3-a042,shetland-times,1884-11-15,3,042,"""Election of a Councillor"": the first business was filling the vacancy caused by the resignation of Bailie Hay; Leisk proposed William Duncan, merchant. The meeting day is not in the sub-articles; it came after the annual meeting of Monday 10 Nov.",ltc-1884-1935-citations.md
st-18841122-p3-a041,shetland-times,1884-11-22,3,041,Adjourned meeting on Tuesday evening (18 Nov 1884): W. Duncan among those present.,ltc-1884-1935-citations.md
st-18871029-p2-a048,shetland-times,1887-10-29,2,048,"Nominations on Thursday: retiring by rotation John Robertson (Chief Magistrate), Charles Robertson (Junior Bailie), John Robertson jr, J. B. Anderson and A. A. Porteous, all re-nominated, to be declared elected on Tuesday next.",ltc-1884-1935-citations.md
st-18921029-p2-a033,shetland-times,1892-10-29,2,033,Nominations on Thursday for the four vacancies: the retiring councillors were re-nominated and will be declared elected on the appointed day.,ltc-1884-1935-citations.md
st-18931021-p2-a027,shetland-times,1893-10-21,2,027,"Retiring: Provost Robertson, Bailie Laurenson, John Robertson and A. A. Porteous; Laurenson has intimated he will not stand.",ltc-1884-1935-citations.md
st-18931104-p2-a058,shetland-times,1893-11-04,2,058,"Laurenson refused to seek re-election and P. S. Goodlad was nominated; ""on Tuesday next, the day of election"", the four to be declared elected.",ltc-1884-1935-citations.md
st-18990408-p4-a055,shetland-times,1899-04-08,4,055,Monthly meeting on Tuesday evening (4 Apr 1899) sat in committee to appoint a Councillor in place of the late A. J. Garriock: Sinclair Johnson elected.,ltc-1884-1935-citations.md
st-18990506-p8-a140,shetland-times,1899-05-06,8,140,"Monthly meeting on Tuesday evening (2 May 1899): Sinclair Johnson, ""elected at last meeting"" for Garriock, took the affirmation and his seat.",ltc-1884-1935-citations.md
st-19050304-p4-a051,shetland-times,1905-03-04,4,051,"""Appointment of a Town Councillor"": special meeting on Tuesday at noon (28 Feb 1905).",ltc-1884-1935-citations.md
st-19240510-p5-a133,shetland-times,1924-05-10,5,133,"""New member co-opted"" at the monthly meeting on Tuesday evening (6 May 1924): E. S. Reid Tait co-opted to the casual vacancy caused by the resignation of James Goodlad.",ltc-1884-1935-citations.md
st-19251107-p4-a080,shetland-times,1925-11-07,4,080,Result of the Tuesday poll (3 Nov 1925): Campbell 763 ... Morrison 518 (other figures garbled in the OCR); 1305 polled of a roll of 2099.,ltc-1884-1935-citations.md
st-19261106-p4-a073,shetland-times,1926-11-06,4,073,"Result of the Tuesday poll (2 Nov 1926): Ganson, Ratter, Sandison, Irvine elected; J. Manson, Murray, Gray, Spence not. Total poll 1196. The figures are in a table the OCR lost.",ltc-1884-1935-citations.md
st-19291109-p4-a130,shetland-times,1929-11-09,4,130,"Result: W. Sinclair 780, L. Sandison 756, A. S. Manson 514, R. D. Ganson (figure garbled), then Irvine and Ratter, ""retiring members"", defeated.",ltc-1884-1935-citations.md
sn-19320505-p5-a049,shetland-news,1932-05-05,5,049,Monthly meeting (day lost in the OCR): a letter from Bailie Campbell tendering his resignation from the Town Council.,ltc-1884-1935-citations.md
sn-19320609-p4-a030,shetland-news,1932-06-09,4,030,"Cogle appointed Junior Bailie; James Morrison, a former member, co-opted a Councillor in place of Bailie Campbell.",ltc-1884-1935-citations.md
st-19460405-p3-a074,shetland-times,1946-04-05,3,074,"""Council vacancy"": T. A. Sinclair, the only nominee for the vacancy caused through the death of David Gray, duly elected at the meeting on Tuesday (2 Apr 1946; art. 073).",ltc-1946-1950-citations.md
st-19500915-p6-a072,shetland-times,1950-09-15,6,072,"""Decisions from the Council"": R. B. Blance, top of the unsuccessful candidates at the last election, co-opted to the vacancy caused by the resignation of J. A. Jamieson.",ltc-1946-1950-citations.md
st-18900208-p3-a061,shetland-times,1890-02-08,3,061,"Full list of the 27 divisions with electors (men and women), polls and votes; Fetlar, Walls North and Walls South had no nomination.",zcc-1890-1899.md
st-18900208-p3-a062,shetland-times,1890-02-08,3,062,"""The polling for Eastern Division of this parish took place"" at Ollaberry on Tuesday (4 Feb).",zcc-1890-1899.md
st-18900201-p3-a069,shetland-times,1890-02-01,3,069,"Contests preview: Lerwick unopposed; in North Delting ""Mr Hoseason intimates that he is ineligible, and Pole will be duly returned"".",zcc-1890-1899.md
st-18921126-p3-a045,shetland-times,1892-11-26,3,045,"""The Nominations"": at the close on Tuesday (22 Nov) nineteen seats were unopposed, five had two candidates and three (Burra, Walls, Fetlar) had none. Aithsting: Grierson and McCullie nominated; Grierson also returned unopposed for Sandness.",zcc-1890-1899.md
st-18921210-p2-a038,shetland-times,1892-12-10,2,038,"""The polling for the contested divisions took place on Tuesday"" (6 Dec). Unst North Sandison 71 Edmondston 28; Delting North Inkster 17 to 2; Sandwick Duncan v Tulloch 21; Tingwall Hay 80 Downes 79. McCullie ""had practically a walk over"" in Aithsting.",zcc-1890-1899.md
st-18951123-p3-a056,shetland-times,1895-11-23,3,056,"Nominations for every division: all single except Tingwall (A. J. Hay and W. P. Harcus). Sinclair Johnson's nomination for Aithsting fell through (not on the roll), so a new election will be ordered there.",zcc-1890-1899.md
st-18951207-p2-a042,shetland-times,1895-12-07,2,042,"Tingwall: the election ""took place on Tuesday"" (3 Dec); counted the next day: Hay 95, Harcus 84.",zcc-1890-1899.md
st-18981126-p4-a056,shetland-times,1898-11-26,4,056,"Nominations: contests in Sandsting (Garriock the sitting member v Inkster Harcus and Mitchell), Nesting (Small v Hunter), Burra (Henderson the sitting member v Lennie) and Dunrossness North (Rev. Charles Whyte v Isbister); no nomination in Delting South.",zcc-1890-1899.md
st-18981210-p4-a045,shetland-times,1898-12-10,4,045,"""The voting for County Councillors for Sandsting, Burra Isle, and Nesting took place on Tuesday"" (6 Dec). Mitchell top in Sandsting, Lennie in Burra, Small in Nesting (figures lost in the OCR); list of the new Council.",zcc-1890-1899.md
st-18900322-p2-a084,shetland-times,1890-03-22,2,084,"New elections ordered for Sandsting and Aithsting: nominations on the 28th, ""and polling if necessary on the 11th April""; the transposed voters' lists to be put right.",zcc-1890-1899.md
st-18900329-p2-a027,shetland-times,1890-03-29,2,027,"Sandsting: Archibald J. Garriock returned unopposed; Aithsting: James Anderson, the sitting member, opposed by Gilbert Williamson.",zcc-1890-1899.md
st-18900405-p2-a034,shetland-times,1890-04-05,2,034,"""On Saturday last"" (29 Mar) the Deputy Returning Officer declared Rev. J. A. Campbell elected for Fetlar and Peter Georgeson for Walls (Southern division).",zcc-1890-1899.md
st-18900419-p2-a055,shetland-times,1890-04-19,2,055,Garriock told of his election for Sandsting on Monday (14 Apr); the Aithsting result made known on Tuesday (figures lost). Walls North and Delting still unrepresented; the Delting councillor had resigned and the County Council would fill it after 15 May.,zcc-1890-1899.md
st-18900524-p3-a043,shetland-times,1890-05-24,3,043,"First meeting of the County Council: James Inkster, Brae, unanimously appointed for North Delting, vacant by the resignation of C. Hoseason. Walls North deferred (rival names; referred to the Secretary for Scotland).",zcc-1890-1899.md
st-18901220-p2-a040,shetland-times,1890-12-20,2,040,"Annual meeting of the County Council (""Tuesday noon"", art. 038): James M. Goudie unanimously appointed to fill the vacancy caused by the death of Arthur Laurenson.",zcc-1890-1899.md
st-18920514-p3-a077,shetland-times,1892-05-14,3,077,"Notice of the annual meeting on Thursday 19th instant at noon: ""To fill up the vacancy in the Council caused by the resignation of Mr James H. Sutherland"".",zcc-1890-1899.md
st-18920521-p2-a078,shetland-times,1892-05-21,2,078,"""At the meeting of the County Council held on Thursday"" (19 May) Dr Yule was elected Medical Officer.",zcc-1890-1899.md
st-18921231-p2-a059,shetland-times,1892-12-31,2,059,"The Secretary for Scotland has fixed Tuesday 24 January for the election of a County Councillor for each of Fetlar, Burra and Quarff, and Walls; nominations by 10 January.",zcc-1890-1899.md
st-18930114-p2-a080,shetland-times,1893-01-14,2,080,"Two nominations, so a contest in Fetlar; Georgeson and Gray (who had represented Walls and Burra) are returned unopposed.",zcc-1890-1899.md
st-18930204-p2-a043,shetland-times,1893-02-04,2,043,"Fetlar: ""On Tuesday last week the election ... took place"" (24 Jan); Nicolson v Rev. W. Glover; the ballot reached the Returning Officer on Mon 30 Jan and was counted on Tuesday (figures lost).",zcc-1890-1899.md
st-18960118-p3-a082,shetland-times,1896-01-18,3,082,"Aithsting ""came off Tuesday"" (14 Jan): Johnston 56, Tulloch 0, two spoiled; Tulloch ""took not the slightest interest"".",zcc-1890-1899.md
st-18960523-p2-a056,shetland-times,1896-05-23,2,056,"Letter from Rev. George Clark, Cunningsburgh, resigning owing to the state of his health.",zcc-1890-1899.md
st-18960606-p3-a053,shetland-times,1896-06-06,3,053,"Adjourned meeting ""on Thursday at noon"" (4 Jun): on a petition from Cunningsburgh ratepayers J. M. Tulloch was appointed in room of Rev. George Clark.",zcc-1890-1899.md
st-18970206-p2-a042,shetland-times,1897-02-06,2,042,"Monthly meeting ""on Thursday at noon"" (4 Feb): on a petition A. Cunningham Hay was unanimously appointed for Tingwall in room of his late uncle.",zcc-1890-1899.md
st-18971106-p5-a066,shetland-times,1897-11-06,5,066,"Monthly meeting ""on Wednesday at noon"" (3 Nov): on a petition of 118 ratepayers Andrew Robertson was appointed for Northmavine North in room of George Sinclair, resigned.",zcc-1890-1899.md
st-18980205-p5-a072,shetland-times,1898-02-05,5,072,"Monthly meeting (Thursday, 3 Feb): rival petitions for Burra, Lennie's with 113 signatures; the Council preferred the local man and Henderson was ""duly elected"". No poll.",zcc-1890-1899.md
st-18980806-p5-a052,shetland-times,1898-08-06,5,052,"""The Dunrossness vacancy"": at the meeting of Thursday (4 Aug) no one from the parish had been put forward for Henderson's seat; left over ""till the September meeting"".",zcc-1890-1899.md
st-18980903-p4-a041,shetland-times,1898-09-03,4,041,"Monthly meeting: the only person willing was Rev. Charles Whyte, and his appointment for Dunrossness North was agreed unanimously.",zcc-1890-1899.md
st-18981231-p4-a061,shetland-times,1898-12-31,4,061,The Secretary for Scotland has ordered a new election for Delting (South) on 24 January.,zcc-1890-1899.md
st-18990114-p5-a083,shetland-times,1899-01-14,5,083,"Mr William J. Adie, merchant, Voe, has been nominated for the vacancy in South Delting.",zcc-1890-1899.md
st-19011123-p4-a063,shetland-times,1901-11-23,4,063,"Nominations closed Tuesday (19 Nov): single nominations everywhere but Tingwall (Duncan, Leslie, Holborn), Nesting, Lerwick North and both Northmavines; no nomination in Unst South, Fetlar and Yell South.",zcc-1900-1919.md
st-19011130-p4-a058,shetland-times,1901-11-30,4,058,"Polling ""on Tuesday first""; ""The only withdrawal"" is Holborn of Foula, so Tingwall is Duncan v Leslie.",zcc-1900-1919.md
st-19011207-p4-a064,shetland-times,1901-12-07,4,064,"""The election in the contested divisions of Northmavine, Nesting, Tingwall, and Lerwick took place on Tuesday"" (3 Dec).",zcc-1900-1919.md
st-19011207-p4-a071,shetland-times,1901-12-07,4,071,"The result: Tulloch over Robertson (Lerwick North), Duncan over Leslie (Tingwall), Robertson over Hughson (majority 35), Anderson over Wallace, Small over Johnson (two spoiled papers would have made it equal); most figures lost in the OCR.",zcc-1900-1919.md
st-19020104-p5-a075,shetland-times,1902-01-04,5,075,"""NEW ELECTIONS"": an Order by the Secretary for Scotland fixing a day this month (lost in the OCR) for the election of County Councillors for Unst South, Fetlar and Yell South.",zcc-1900-1919.md
st-19020118-p4-a066,shetland-times,1902-01-18,4,066,"Nominations for the three divisions: Unst South J. P. Sandison, Fetlar Sir Arthur Nicolson, Yell South David Williamson; ""there will be no poll"".",zcc-1900-1919.md
st-19020208-p8-a155,shetland-times,1902-02-08,8,155,"Monthly meeting ""Thursday at noon"" (6 Feb): the Clerk reported Sandison, Nicolson and Williamson elected for the three divisions; Williamson already present.",zcc-1900-1919.md
st-19020809-p4-a062,shetland-times,1902-08-09,4,062,"Papa Stour: J. G. Holborn of Foula, ""the new representative in the County Council"" of the northern ward of Walls (Sandness), visited on Saturday last.",zcc-1900-1919.md
st-19030221-p4-a053,shetland-times,1903-02-21,4,053,"""RESIGNATION OF A COUNCILLOR"": W. J. Adie's letter resigning as Councillor for Delting South.",zcc-1900-1919.md
st-19030418-p5-a072,shetland-times,1903-04-18,5,072,"Meeting ""Thursday at noon"" (16 Apr): James A. Adie unanimously appointed for South Delting in place of W. J. Adie, resigned owing to ill health.",zcc-1900-1919.md
st-19030919-p5-a112,shetland-times,1903-09-19,5,112,"Adjourned general meeting ""on Thursday at noon"" (17 Sep): on an Ollaberry petition of 4 Sep, R. Camperdown Haldane appointed for Northmavine North, unanimously.",zcc-1900-1919.md
st-19041126-p4-a041,shetland-times,1904-11-26,4,041,"""County Council Nominations"": complete list; two each in Northmavine North, Delting North (Inkster and Pole), Whiteness and Weisdale, Lerwick Central (Jamieson and Henderson) and Sandwick; Walls no nomination.",zcc-1900-1919.md
st-19041210-p4-a104,shetland-times,1904-12-10,4,104,"""Polling ... took place Tuesday last"" (6 Dec) in four contested divisions: Haldane v Loggie, Pole v J. Inkster, P. Anderson v H. J. Robertson, W. Smith v J. Thomson (figures lost); list of the new Council.",zcc-1900-1919.md
st-19050121-p4-a119,shetland-times,1905-01-21,4,119,"Walls County Council election: a new election ordered by the Secretary for Scotland; nominations 31st inst., ""the election for 14th February"".",zcc-1900-1919.md
st-19050225-p5-a067,shetland-times,1905-02-25,5,067,"""NEW ELECTION"": the Clerk reported that Mr Holborn, of Foula, had been elected County Councillor for Walls.",zcc-1900-1919.md
st-19060127-p5-a122,shetland-times,1906-01-27,5,122,"Monthly meeting: the appointment for Yell North in place of the late Mr Hamilton deferred, so the district could name a candidate.",zcc-1900-1919.md
st-19060217-p4-a065,shetland-times,1906-02-17,4,065,"""ZETLAND COUNTY COUNCIL"": the monthly meeting ""on Thursday at noon"" (15 Feb 1906).",zcc-1900-1919.md
st-19060217-p4-a067,shetland-times,1906-02-17,4,067,"""COUNCILLOR FOR NORTH YELL"": on the ratepayers' recommendation T. J. Sandison, Uyeasound, unanimously elected in place of the late Mr Hamilton.",zcc-1900-1919.md
st-19070622-p8-a131,shetland-times,1907-06-22,8,131,"County Council: on a requisition from electors of the north of the parish, James Budge, farmer, unanimously elected for Dunrossness in place of the late R. H. Isbister; meeting day lost in the OCR.",zcc-1900-1919.md
st-19070824-p5-a087,shetland-times,1907-08-24,5,087,"""ZETLAND COUNTY COUNCIL"": the monthly meeting ""on Thursday of last week"" (15 Aug 1907).",zcc-1900-1919.md
st-19070824-p5-a088,shetland-times,1907-08-24,5,088,"""THE DUNROSSNESS VACANCY"": on a petition, Rev. W. Fotheringham unanimously elected in room of the late John Bruce of Sumburgh.",zcc-1900-1919.md
st-19071123-p4-a091,shetland-times,1907-11-23,4,091,"""NOMINATION OF CANDIDATES"" (Tuesday 19 Nov): complete list; contests possible in Yell South, Delting North, Delting South, Walls (three), Sandsting, Aithsting, Northmavine North and Whalsay; Sandwick Mr W. Smith alone; voting Tuesday 3rd December.",zcc-1900-1919.md
st-19071130-p4-a072,shetland-times,1907-11-30,4,072,"Withdrawals: Shearer (Whalsay) and Laurence (Yell South) withdrew, Leslie's Aithsting nomination informal; five contests remain (Delting North, Delting South, Walls, Sandsting, Northmavine North); ""The poll takes place on Tuesday first, 3rd December"".",zcc-1900-1919.md
st-19071207-p4-a095,shetland-times,1907-12-07,4,095,"Leader on the results: in Walls, of ""the 104 votes cast, he received 69"" (Thomason); J. P. Henderson's return for Delting ""looked for"".",zcc-1900-1919.md
st-19071207-p4-a099,shetland-times,1907-12-07,4,099,"""RESULTS OF THE POLLS"": voting in the five contested divisions ""on Tuesday last"" (3 Dec); counted Thursday.",zcc-1900-1919.md
st-19071207-p4-a100,shetland-times,1907-12-07,4,100,"Results (figures lost): Sandsting J. B. Anderson over W. Robertson; Walls Thomason, Harcus, Holborn; Northmavine North Thomas Anderson over Haldane.",zcc-1900-1919.md
st-19071207-p4-a101,shetland-times,1907-12-07,4,101,Results (figures lost): Delting South L. Robertson over J. A. Adie; Delting North J. P. Henderson over A. White.,zcc-1900-1919.md
st-19090320-p4-a078,shetland-times,1909-03-20,4,078,"""COUNCILLOR FOR TINGWALL"": on a ratepayers' petition L. J. Garriock unanimously elected for W. Rae Duncan, resigned, at the monthly meeting ""on Thursday forenoon"" (18 Mar).",zcc-1900-1919.md
st-19090717-p5-a124,shetland-times,1909-07-17,5,124,"County Council: a petition for R. Inkster, Scalloway, in place of the late Mr Lennie; the Clerk to give notice of the vacancy for the next meeting.",zcc-1900-1919.md
st-19090814-p5-a118,shetland-times,1909-08-14,5,118,"Monthly meeting ""on Thursday"" (12 Aug): two petitions for Robert Inkster to fill the vacancy caused by the death of C. Lennie; moved and elected.",zcc-1900-1919.md
st-19100730-p5-a071,shetland-times,1910-07-30,5,071,"""NEW COUNTY COUNCILLOR"": on a Parish Council petition James Shearer, Symbister, unanimously elected for Whalsay in room of Rev. C. Stobie, resigned; the meeting was ""on Thursday last week"" (21 Jul).",zcc-1900-1919.md
st-19101119-p4-a063,shetland-times,1910-11-19,4,063,"The official list of nominations made known on Wednesday: most sitting members renominated; Stout moves to Lerwick South, Pottinger for Cunningsburgh, Mouat for Yell North.",zcc-1900-1919.md
st-19101119-p4-a067,shetland-times,1910-11-19,4,067,"List of nominations by division (Fetlar to Dunrossness North): two or more in Yell South, Nesting, Sandsting, Aithsting, Gulberwick and Lerwick North.",zcc-1900-1919.md
st-19101126-p4-a090,shetland-times,1910-11-26,4,090,"""THREE WITHDRAWALS"": Small from Sandsting, Bowie from Aithsting, Williamson from Yell South; contests in Nesting, Sandsting, Gulberwick and Lerwick North; polling ""on Tuesday, [6th] December"".",zcc-1900-1919.md
st-19101210-p4-a046,shetland-times,1910-12-10,4,046,"""The County Council Elections"": Sandsting, Nesting, Lerwick North and Lerwick Landward polled ""on Tuesday in disagreeable weather"" (6 Dec); the Nesting poll the highest yet (OCR of mixed columns).",zcc-1900-1919.md
st-19110114-p4-a075,shetland-times,1911-01-14,4,075,"""COUNTY COUNCIL ELECTION"": nominations handed in on Tuesday (10 Jan) for the three districts that failed in November; one each, ""no contests"": Unst North C. G. D. Sandison, Sandwick W. M. Shand, Dunrossness South Rev. W. Fotheringham.",zcc-1900-1919.md
st-19131115-p4-a068,shetland-times,1913-11-15,4,068,"""THE NOMINATIONS"", closed on Tuesday (11 Nov), with proposers; two for Tingwall (Mouat, Inkster), Delting South (McDougall, White), Bressay, Burra, Aithsting, Walls, Delting North (three) and others.",zcc-1900-1919.md
st-19131122-p4-a087,shetland-times,1913-11-22,4,087,"""THE CONTESTS"": after three withdrawals, five contests: Bressay, Quarff and Burra, Delting North (Henderson, Hay, Smith), Grierson v Bowie, Walls; polling ""on Tuesday, 6th December"" (sic: 6 Dec 1913 was a Saturday).",zcc-1900-1919.md
st-19131129-p4-a053,shetland-times,1913-11-29,4,053,"""Voting in the five contests ... takes place on Tuesday first"" (2 Dec).",zcc-1900-1919.md
st-19131206-p4-a094,shetland-times,1913-12-06,4,094,"""THE RESULTS"", counted Wednesday and Thursday: Bressay Anderson 48 Laing 26; Burra and Quarff Jamieson 36 Sinclair 26; Aithsting Grierson 31 Bowie 31; Walls Thomason 53; Delting North lost in the OCR.",zcc-1900-1919.md
st-19131220-p4-a057,shetland-times,1913-12-20,4,057,"The Aithsting tie: on the Secretary for Scotland's instruction the Returning Officer (Archd. Sutherland, County Clerk) gave his casting vote for Grierson.",zcc-1900-1919.md
st-19140620-p4-a110,shetland-times,1914-06-20,4,110,"The monthly meeting of the County Council ""was held ... on Thursday at noon"" (18 Jun); the report held over.",zcc-1900-1919.md
st-19140627-p8-a139,shetland-times,1914-06-27,8,139,The held-over report: four petitions from Whiteness and Weisdale on filling the vacancy caused by the death of Peter Anderson (OCR mixes columns; the outcome is unreadable).,zcc-1900-1919.md
st-19141226-p4-a105,shetland-times,1914-12-26,4,105,"""FILLING A VACANCY"": for Loggie, resigned: a petition of 51 for de Vitre (nine withdrew), two of 31 and 27 for John Pearson; by ballot Pearson 16 votes to 3.",zcc-1900-1919.md
st-19141226-p4-a118,shetland-times,1914-12-26,4,118,"The monthly meeting of the County Council ""on Thursday last"" (24 Dec 1914).",zcc-1900-1919.md
st-19150828-p5-a118,shetland-times,1915-08-28,5,118,"""Meeting of County Council"": the monthly meeting ""on Thursday, of last week"" (19 Aug 1915).",zcc-1900-1919.md
st-19150828-p5-a119,shetland-times,1915-08-28,5,119,"""NEW COUNCILLOR"" for Aithsting in place of the late J. C. Grierson: petitions for Thomas Anderson (the larger) and Dr Bowie; by ballot Anderson twelve votes to four.",zcc-1900-1919.md
st-19170721-p4-a081,shetland-times,1917-07-21,4,081,"Monthly meeting ""on Thursday (yesterday)"" (19 Jul): ""NEW MEMBER FOR FETLAR"": a petition of twenty-nine ratepayers for Sir Arthur J. F. W. Nicolson; agreed.",zcc-1900-1919.md
st-19190222-p4-a095,shetland-times,1919-02-22,4,095,"The monthly meeting of the County Council ""on Thursday (yesterday) forenoon"" (20 Feb 1919).",zcc-1900-1919.md
st-19190301-p4-a110,shetland-times,1919-03-01,4,110,"""A NEW COUNCILLOR"" for Cunningsburgh in place of the late F. H. Pottinger: petitions of five and 13 for Laurence Anderson, of seventy for James Laing; Anderson elected by five votes to three (meeting ""on Thursday of last week"").",zcc-1900-1919.md
st-19190621-p4-a079,shetland-times,1919-06-21,4,079,"""NEW COUNCILLORS"": J. R. Irvine for Rev. W. Fotheringham (resigned) and J. P. Mouat for Tingwall, for Robert Inkster (dead), at the monthly meeting ""on Thursday of this week"" (19 Jun).",zcc-1900-1919.md
st-19191115-p4-a079,shetland-times,1919-11-15,4,079,"""ELECTION OF COUNTY COUNCILLORS"": full list of nominations; Delting North Hay and Peterson; Delting South Sinclair and Peterson; Lerwick South Chas. B. Stout and James Laing.",zcc-1900-1919.md
st-19191122-p5-a071,shetland-times,1919-11-22,5,071,"""EIGHT CONTESTS"": withdrawals by Peterson (Delting North, ""leaving Mr Jas. Hay unopposed""), Groundwater (Sandsting), R. L. Anderson (Whiteness) and C. B. Stout (Lerwick South, ""leaving Mr Jas. Laing unopposed""); polling Tuesday 2nd December.",zcc-1900-1919.md
st-19191206-p4-a059,shetland-times,1919-12-06,4,059,"Lerwick results: 270 votes in the North division (10 spoiled), 250 in Central (4 spoiled); Burra and Quarff 108 (1 spoiled); figures largely lost in the OCR.",zcc-1900-1919.md
st-19191213-p4-a070,shetland-times,1919-12-13,4,070,Country results counted Friday: Delting South Peterson 78 Sinclair 30; Sandsting R. A. Sutherland 106 H. J. Robertson 47; Walls Groundwater 69 Georgeson 61; Whiteness W. Sinclair 80 H. Mouat 62; Dunrossness South MacDougall 97 Irvine 21; Sinclair won both Burra and Whiteness.,zcc-1900-1919.md
st-19200124-p5-a111,shetland-times,1920-01-24,5,111,"Monthly meeting of the County Council ""on Thursday of last week"": those present include J. Laing (not C. B. Stout).",zcc-1900-1919.md
st-19221125-p5-a096,shetland-times,1922-11-25,5,096,"""County Council Representation"": final nominations, withdrawals announced Tuesday; eight contests; Aithsting Leslie and Clark, Sandsting R. A. Sutherland alone, Dunrossness North J. R. White and A. Irvine jun.; ""The election takes place on 5th December.""",zcc-1920-1939.md
st-19221209-p4-a078,shetland-times,1922-12-09,4,078,"""COUNTY COUNCIL ELECTION"": polling ""took place on Tuesday"" in eight districts; Nesting R. D. Ganson 83 Robert Hunter 73; Cunningsburgh T. Johnston 80 L. Anderson 56.",zcc-1920-1939.md
st-19221216-p4-a087,shetland-times,1922-12-16,4,087,Final results: Delting South Ganson 90 Hay 43 Peterson 10 Hunter 6; Dunrossness North J. R. White 60 A. Irvine jun. 36; Aithsting Leslie 110 Clark 89; Yell North Macfadyen 61 Mackay 15; Yell South J. A. Smith 106 Manson 28; Unst South J. P. Sandison 59 Wilson 49.,zcc-1920-1939.md
st-19221230-p5-a084,shetland-times,1922-12-30,5,084,"First meeting of the new County Council (""Thursday"", 21 Dec 1922): members present include R. A. Sutherland; the Clerk as Returning Officer announced the election.",zcc-1920-1939.md
st-19251114-p4-a092,shetland-times,1925-11-14,4,092,"""County Council Election"": list of nominations for the election ""which takes place on Tuesday, 1st December"".",zcc-1920-1939.md
st-19251121-p4-a077,shetland-times,1925-11-21,4,077,"""WITHDRAWALS OF CANDIDATES"" lodged Tuesday: 17 members unopposed (listed); contests in Aithsting, Northmavine North, Walls, Sandsting, Whiteness, Nesting, Gulberwick, Lerwick North, Sandwick and Dunrossness North.",zcc-1920-1939.md
st-19251128-p4-a108,shetland-times,1925-11-28,4,108,"Sandsting candidate's address: the poll ""takes place at Sand Public School, on TUESDAY FIRST, 1st December"".",zcc-1920-1939.md
st-19251205-p4-a106,shetland-times,1925-12-05,4,106,"""KEEN CONTESTS"": polling ""took place on Monday"" (a slip) in ten divisions; Lerwick North Mouat 366 Bruce 138; Gulberwick Johnston 201 Anderson 116; Whiteness Leslie 79 Sinclair 51; Nesting Ganson 115 MacKenzie 50; Sandwick Jamieson 115 Hay 64.",zcc-1920-1939.md
st-19251212-p5-a085,shetland-times,1925-12-12,5,085,Remaining results: Northmavine North Tulloch (majority 10) Garriock 23; Dunrossness North Irvine 74 White 51; Walls Halcrow 44 Coutts 37 Reid 36; Sandsting Bowie 145 Hobbin 67 Anderson (OCR 13). Aithsting not in the OCR.,zcc-1920-1939.md
st-19281117-p5-a135,shetland-times,1928-11-17,5,135,"""SIX PROBABLE CONTESTS"": full list of nominations (sitting members starred); Aithsting Anderson and Leslie; Sandness Moncrieff and R. J. H. Ganson; Walls Andrew and Halcrow; Nesting Gray and R. D. Ganson; Whiteness Leslie and L. W. Smith; Lerwick Central Sinclair and White.",zcc-1920-1939.md
st-19281124-p4-a069,shetland-times,1928-11-24,4,069,"""THREE CONTESTS"": withdrawals on Tuesday by Geo. Leslie, J. T. J. Sinclair and R. D. Ganson leave Gray (Nesting), L. W. Smith (Whiteness) and White (Lerwick Central) unopposed; contests in Aithsting, Sandness and Walls, polls ""on Tuesday, 4th December"".",zcc-1920-1939.md
st-19281208-p4-a049,shetland-times,1928-12-08,4,049,"Polls ""took place on Tuesday"", count Wednesday. Sandness electorate 192, 87 voted: Ganson 48 Moncrieff 39. Walls electorate 389, 99 voted: Andrew 86 Halcrow 12, one spoiled. Aithsting roll 349, 194 voted: Anderson 107 Leslie 83, four spoiled.",zcc-1920-1939.md
st-19291123-p5-a135,shetland-times,1929-11-23,5,135,"""Re-Constituted County Council"": withdrawals to Tuesday (McDougall from Nesting, Leslie from Aithsting); 12 contests and 12 members returned unopposed (listed); election ""on Tuesday, 3rd December""; the new Council takes full office after 15 May 1930 and the present Council continues till May.",zcc-1920-1939.md
st-19291207-p4-a116,shetland-times,1929-12-07,4,116,"""Eight Mainland District Results"", counted Wednesday: Dunrossness South McDougall 95 Scollay 42; Cunningsburgh Mouat 69 Dick 27; Bressay MacIntyre 42 Roy 23; Whiteness L. W. Smith 87 Morrison 47 (electorates in brackets).",zcc-1920-1939.md
st-19291207-p4-a124,shetland-times,1929-12-07,4,124,"""A TIE"": Sandness Ganson 45 Thomas Sutherland 45, the Returning Officer's casting vote for Ganson; Sandsting Bowie 102 White 77; Nesting Gray 91 Gordon 63 Hay 17; Northmavine North Tulloch 68 Robertson 38.",zcc-1920-1939.md
st-19291214-p4-a081,shetland-times,1929-12-14,4,081,"""NORTH ISLES ELECTION RESULTS"" (polled Tuesday of last week, counted Saturday): Unst North Sandison 126 Johnson 92; Unst South Neven-Spence 83 Cameron (majority 63); Yell North Jamieson 110 Smith 18; Fetlar Nicolson 37 Carson 23.",zcc-1920-1939.md
st-19321119-p4-a028,shetland-times,1932-11-19,4,028,"""Three Probable Contests"": one nomination in every district except North Yell, South Yell and Sandsting (two each), ""and Sandwick from which no nomination was lodged""; full list, retiring members starred; polling Tuesday 6 Dec if contested.",zcc-1920-1939.md
st-19321210-p4-a015,shetland-times,1932-12-10,4,015,"Polling in the three contested divisions ""took place on Tuesday""; Sandsting Arthurson 132 Aston 91, electorate 420, 224 voted.",zcc-1920-1939.md
st-19321217-p7-a040,shetland-times,1932-12-17,7,040,"Yell North (electorate 307, 137 voted): Robert Smith 93 Charles S. Nicholson 40. Sub-article ""NEW MEMBER FOR YELL SOUTH"" (electorate 554, 287 voted): T. R. Manson 153 James A. Smith 131.",zcc-1920-1939.md
st-19330114-p4-a055,shetland-times,1933-01-14,4,055,"The Scottish Office ordered new County Council elections in Sandwick (""no nominations"") and Sandness (""the unopposed candidate is not eligible to sit""); nominations by Tue 24 Jan; ""The elections take place on Tuesday, 14th February.""",zcc-1920-1939.md
st-19330128-p4-a092,shetland-times,1933-01-28,4,092,"Local news: the Sandwick and Sandness vacancies filled by the only nominations, William Jamieson (the former member) and James A. Jamieson, who had been ineligible ""owing to his holding a minor appointment under the Council"" and resigned it; ""there will be no poll"".",zcc-1920-1939.md
st-19351116-p5-a108,shetland-times,1935-11-16,5,108,"Nominations, closed Tuesday (continued from art. 098, ""MOST OF SITTING MEMBERS RETURNED UNOPPOSED""): no nomination for Unst South (Neven-Spence now the MP); William Jamieson, sitting member for Sandwick, ""has definitely retired from the Council""; contests listed; 17 returned unopposed.",zcc-1920-1939.md
st-19351207-p4-a061,shetland-times,1935-12-07,4,061,"Polling in five contested districts ""took place on Tuesday"", counted Wednesday; no nomination from Unst South. Tingwall Garriock 228 Mouat 107; Northmavine North Johnson 85 Tulloch (majority 39); Nesting Sutherland 111 Anderson (majority 62) Hay 13; Walls Williamson 89 Halcrow 4, electorate 328, 93 votes; Sandwick Thomson 138 Dingwall 127.",zcc-1920-1939.md
st-19381126-p4-a111,shetland-times,1938-11-26,4,111,"""SIX CONTESTED DIVISIONS"": withdrawals leave Hay (Tingwall), Clark (Aithsting), Henry (Sandsting) and Pottinger (Burra) unopposed; contests in Yell North, Yell South (Leask v Manson), Nesting, Whalsay, Bressay and Cunningsburgh; eighteen uncontested.",zcc-1920-1939.md
st-19381210-p4-a087,shetland-times,1938-12-10,4,087,"""Polling in Six Divisions"", counted Wednesday: Bressay Cameron 71 McKinnon (majority 38); Cunningsburgh Gunn 74 Manson 72; Nesting Anderson 106 Sutherland 89; Yell North Smith 104 Nicholson 54 (electorate 257, 158 votes); Yell South Manson 166 Leask 145 (471, 311 votes); Whalsay Ollason 153 Hay (majority 121, 185 votes).",zcc-1920-1939.md
st-19381210-p1-a012,shetland-times,1938-12-10,1,012,"Angus Gunn thanks the Cunningsburgh electors for ""the support accorded me at the Poll on Tuesday, December 6th"".",zcc-1920-1939.md
st-19200221-p4-a071,shetland-times,1920-02-21,4,071,"Local news: at the County Council meeting ""Thursday"", three requisitions from electors of the northern division of Lerwick in favour of Henry Mouat; J. Hay moved his appointment to the seat vacant by W. J. Greig's death.",zcc-1920-1939.md
st-19200327-p5-a100,shetland-times,1920-03-27,5,100,"County Council monthly meeting ""Thursday of last week"" (18 Mar): H. Mouat thanked the Council for electing him to the vacancy caused by the death of W. J. Greig.",zcc-1920-1939.md
st-19201120-p4-a071,shetland-times,1920-11-20,4,071,"Local news: at the County Council meeting ""on Thursday"", two petitions for Robert Hunter, Billister, to represent Nesting in room of his late brother James; co-opted.",zcc-1920-1939.md
st-19210226-p5-a091,shetland-times,1921-02-26,5,091,"County Council report (""Thursday of last week""), sub-article ""NEW MEMBER"": petitions of 120 for John Leslie and 58 (OCR) for ""Mr William Clark, merchant, Aith"" for T. A. Anderson's vacancy; Hay moved Clark.",zcc-1920-1939.md
st-19210917-p4-a065,shetland-times,1921-09-17,4,065,"Local news: at the monthly County Council meeting ""on Thursday"", R. T. C. Coutts appointed for Walls in room of Rev. A. W. Groundwater, retired, and John Harrison for Sandness.",zcc-1920-1939.md
st-19211029-p5-a102,shetland-times,1921-10-29,5,102,"County Council monthly meeting ""Thursday of last week"" (20 Oct): present include J. Harrison, R. T. C. Coutts and A. D. Clark; ""NEW MEMBERS"": their acceptance of seats announced; the death of S. W. Fordyce reported.",zcc-1920-1939.md
st-19240126-p5-a099,shetland-times,1924-01-26,5,099,"County Council meeting ""Thursday of last week""; ""NEW MEMBER FOR WHALSAY"": M. H. Williamson resigned; petition for Magnus Shearer; unanimously appointed.",zcc-1920-1939.md
st-19240301-p5-a103,shetland-times,1924-03-01,5,103,"County Council monthly meeting ""Thursday of last week"" (21 Feb), with a sub-article on James Hay.",zcc-1920-1939.md
st-19240628-p5-a060,shetland-times,1924-06-28,5,060,"County Council meeting ""Thursday of last week""; ""MEMBER CO-OPTED"": petitions of 16 (Nicolson) and 34 (OCR) for T. J. Anderson in room of J. M. Goodlad; ""a majority of eight votes to two"" for Anderson.",zcc-1920-1939.md
st-19250829-p5-a099,shetland-times,1925-08-29,5,099,"County Council meeting ""Thursday of last week""; ""NORTH ISLES' VACANCY FILLED"": James P. Mainland nominated for North Yell after Rev. L. Macfadyen's resignation; concurred.",zcc-1920-1939.md
st-19270219-p4-a057,shetland-times,1927-02-19,4,057,"William Sinclair, in whose favour ""a petition, signed by 61 ratepayers, was submitted to the Zetland County Council on Thursday"", appointed for Cunningsburgh.",zcc-1920-1939.md
st-19270723-p5-a127,shetland-times,1927-07-23,5,127,"""At the meeting of Zetland County Council, held on Thursday, it was unanimously agreed to coopt as the member for Northmavine South, Mr Arthur Irvine"".",zcc-1920-1939.md
st-19300503-p7-a151,shetland-times,1930-05-03,7,151,"""RESIGNATION OF REV. T. ANDREW"": his letter resigning as member for Walls on his transfer to Dundee.",zcc-1920-1939.md
st-19300524-p5-a088,shetland-times,1930-05-24,5,088,"The re-constituted County Council's first meeting: the Walls vacancy, with petitions including one for William Hales, Spurries, Walls; the OCR is too garbled to read the outcome.",zcc-1920-1939.md
st-19300920-p5-a100,shetland-times,1930-09-20,5,100,"County Council meeting ""on Tuesday""; ""NEW MEMBER FOR SANDSTING"": petitions of 164 (Garriock) and 80 (OCR) for J. R. White; White appointed ""by 14 votes to seven"".",zcc-1920-1939.md
st-19310620-p5-a102,shetland-times,1931-06-20,5,102,"County Council meeting ""on Tuesday"": a petition of 125 for J. W. Robertson in room of John R. Irvine, retired, for Dunrossness North; unanimously adopted.",zcc-1920-1939.md
sn-19320519-p5-a066,shetland-news,1932-05-19,5,066,"Statutory May meeting of the County Council ""on Tuesday""; ""NEW MEMBER FOR AITHSTING"": petitions Leslie 82, Clark 102, Williamson; ballot Clark 10, Williamson 9, Leslie 3, then Clark 10, Williamson 9.",zcc-1920-1939.md
st-19320820-p5-a055,shetland-times,1932-08-20,5,055,"County Council meeting ""on Tuesday""; ""VACANCIES FILLED"": North Yell petitions of 48 for Robert Smith and 77 for Charles Nicolson; Smith appointed, no other nomination.",zcc-1920-1939.md
st-19330923-p8-a140,shetland-times,1933-09-23,8,140,"County Council monthly meeting ""on Tuesday""; ""MR. JAMES A. SMITH RE-ELECTED TO COUNCIL"": petitions of 54 (Smith) and 52 (Cameron) for Bressay; ballot 19 to 9 for Smith.",zcc-1920-1939.md
st-19341222-p5-a090,shetland-times,1934-12-22,5,090,"Monthly County Council meeting ""held on Tuesday"": N. O. M. Cameron (Bressay) and John J. Goudie (Dunrossness) co-opted in room of J. A. Smith and J. W. Robertson, now members through the Town Council.",zcc-1920-1939.md
st-19360125-p4-a091,shetland-times,1936-01-25,4,091,"""SOUTH UNST DIVISION, TWO NOMINATIONS FOR ONE SEAT"": W. Fordyce Clark and Magnus L. Manson; withdrawals by Tue 28 Jan, else a poll; no nomination at the 1935 election.",zcc-1920-1939.md
st-19360201-p4-a056,shetland-times,1936-02-01,4,056,"""Mr Manson has withdrawn his candidature, and Mr Fordyce Clark is therefore returned"" for Unst South.",zcc-1920-1939.md
st-19360926-p5-a076,shetland-times,1936-09-26,5,076,"""RESIGNATION OF MR THOMAS JOHNSTON"", member for Gulberwick and Convener of the County, by letter to the Clerk.",zcc-1920-1939.md
st-19370220-p5-a176,shetland-times,1937-02-20,5,176,"County Council report: the Whalsay and Skerries vacancy, petitions including one signed by 142; James Hay elected by ballot (OCR poor).",zcc-1920-1939.md
st-19371030-p5-a108,shetland-times,1937-10-30,5,108,"County Council report: the Fetlar vacancy, petitions for Captain Campbell and (42 signatures) Magnus L. Manson; Campbell had ""the most votes of the people of Fetlar"".",zcc-1920-1939.md
st-19371218-p5-a092,shetland-times,1937-12-18,5,092,"""J. W. ROBERTSON ELECTED MEMBER FOR UNST"": the vacancy in North Unst (C. G. D. Sandison retired), filled on a petition.",zcc-1920-1939.md
st-19380226-p5-a107,shetland-times,1938-02-26,5,107,"""NEW MEMBER CO-OPTED"": the Sandsting vacancy in room of the late Captain H. J. Arthurson; a petition of 196 in favour of William Henry.",zcc-1920-1939.md
st-19451116-p2-a048,shetland-times,1945-11-16,2,048,COUNTY COUNCIL ELECTION NOMINEES: returned unopposed (15 divisions) and contests; Sandsting and Dunrossness South later left one candidate each.,zcc-1940-1959.md
st-19451123-p2-a034,shetland-times,1945-11-23,2,034,"""Seven contests will take place"": Bressay, North and South Northmavine, Fetlar, Tingwall, Aithsting and Whiteness and Weisdale.",zcc-1940-1959.md
st-19451207-p2-a049,shetland-times,1945-12-07,2,049,"""The results of the elections held on Tuesday"" (4 Dec 1945). Full county results: Tingwall Ross 198, Hamilton 165, Laurenson 14; Aithsting 165/139; Northmavine North 113/68; South 67/36; Fetlar 64/22; Bressay 126 voted.",zcc-1940-1959.md
st-19490513-p4-a076,shetland-times,1949-05-13,4,076,"County Council results (OCR shredded by columns): Cunningsburgh Halcrow 110, Johnson 88.",zcc-1940-1959.md
st-19490513-p5-a079,shetland-times,1949-05-13,5,079,"Continuation of the county results: Gulberwick Williamson 63, Mitchell 55.",zcc-1940-1959.md
st-19520516-p5-a080,shetland-times,1952-05-16,5,080,"""Two retiring councillors defeated"": Walls 141 votes, 3 spoiled (Henry 93, Anderson 45); Dunrossness South 280 voted (176, 63, 41); Unst North 130, 74.",zcc-1940-1959.md
st-19550513-p4-a057,shetland-times,1955-05-13,4,057,"""Out with the old"": contests ""on Tuesday"" (10 May 1955); all retiring councillors forced to the poll lost. Burra Strachan 215, Pottinger 165; Nesting 117/113; Gulberwick 143 voted; Sandsting 213; Northmavine South 152.",zcc-1940-1959.md
st-19550513-p4-a061,shetland-times,1955-05-13,4,061,"Yell North: Amanda Youngman 118 (OCR; DB and wiki 119), John Stewart 62, 47 per cent of 383. Yell South: Tulloch beat C. G. Johnson, 26 per cent of 685.",zcc-1940-1959.md
st-19400420-p5-a081,shetland-times,1940-04-20,5,081,"CO-OPTION OF MEMBER FOR CUNNINGSBURGH: petitions for Laurence Laurenson (86) and Magnus L. Manson (72); Laurenson 18 votes, Manson 8.",zcc-1940-1959.md
st-19401214-p5-a085,shetland-times,1940-12-14,5,085,"YELL: VACANCY. The seat of the late T. R. Manson filled by co-opting J. Williamson, Bank End, Ulsta, on a largely signed petition; W. Smith moved William Leask.",zcc-1940-1959.md
st-19421226-p3-a080,shetland-times,1942-12-26,3,080,ZETLAND COUNTY COUNCIL. CAPTAIN H. W. L. HUNTER CO-OPTED (for Unst South).,zcc-1940-1959.md
st-19450323-p3-a069,shetland-times,1945-03-23,3,069,"Meeting ""on Tuesday"" (20 Mar 1945): petitions for Magnus R. Keith and C. E. Mitchell for Gulberwick; ""After a vote Mr C. E. Mitchell was elected"".",zcc-1940-1959.md
st-19461220-p7-a105,shetland-times,1946-12-20,7,105,"Mr R. H. Bruce, Sandlodge, succeeds J. J. Goudie for Dunrossness North; petition of 75.",zcc-1940-1959.md
st-19480521-p4-a078,shetland-times,1948-05-21,4,078,"News in brief: 43 signatories for J. R. B. Pearson in place of Adam Thomson, resigned; 324 (over 90 per cent of the electorate) for John S. Ratter, Cullivoe.",zcc-1940-1959.md
st-19510223-p5-a063,shetland-times,1951-02-23,5,063,"""New county councillor for Northmavine North is Mr Joseph Peterson, Parkview, Ollaberry, who was co-opted on Tuesday.""",zcc-1940-1959.md
st-19510511-p1-a006,shetland-times,1951-05-11,1,006,"Advert: J. J. Nicolson thanks those who supported him ""at the Poll on Tuesday, 8th instant"", Gulberwick division.",zcc-1940-1959.md
st-19510511-p4-a038,shetland-times,1951-05-11,4,038,"Bye-election: James J. Nicolson polled twice as many as his Socialist opponent, Prophet Smith, 98 to 49; about 70 per cent of 213 voted.",zcc-1940-1959.md
st-19520222-p7-a110,shetland-times,1952-02-22,7,110,"Dunrossness North vacancy after Bruce left: a petition of 109 electors for Thomas Henderson, co-opted for the short period to the election.",zcc-1940-1959.md
st-19520801-p4-a051,shetland-times,1952-08-01,4,051,"SOUTH YELL ELECTION: results announced yesterday; Laurence G. Johnson, Setter, Mid Yell, 131; Robert H. Tulloch, Booth, West Yell.",zcc-1940-1959.md
st-19550624-p4-a072,shetland-times,1955-06-24,4,072,Nominations for the by-elections: Sandwick James Pottinger and John R. Smith.,zcc-1940-1959.md
st-19550715-p4-a074,shetland-times,1955-07-15,4,074,"LOW POLLS AT BYE-ELECTIONS in Unst North, Delting South and Sandwick ""on Tuesday"" (12 Jul 1955): Adie majority 75; Sandwick Pottinger 133, Smith 15, 152 voted, 4 spoiled; Unst North 95 votes.",zcc-1940-1959.md
st-19581024-p4-a064,shetland-times,1958-10-24,4,064,"R. A. Johnson, Sheriff Clerk, ""was on Tuesday co-opted"" for Gulberwick, after the Council decided by eight votes to seven.",zcc-1940-1959.md
st-19590206-p4-a052,shetland-times,1959-02-06,4,052,"BY-ELECTION RESULT: Aithsting poll ""on Tuesday"" (3 Feb 1959); Mrs Janet C. Anderson, Effirth, 164; John R. A. Sutherland 98; death of Capt. F. B. Tait.",zcc-1940-1959.md
st-19610421-p5-a062,shetland-times,1961-04-21,5,062,ONLY FIVE POSSIBLE COUNTY ELECTIONS: nominations for May 1961; seventeen retiring members returned unopposed.,zcc-1960-1974.md
st-19640424-p5-a056,shetland-times,1964-04-24,5,056,"ONLY FIVE POSSIBLE COUNTY CONTESTS for May 1964, provided no withdrawals by Tuesday.",zcc-1960-1974.md
st-19640515-p5-a055,shetland-times,1964-05-15,5,055,"Retiring councillors lose seats: ""Tuesday's stormy weather"" delayed counts; Delting North, Tingwall, Burra and Quarff (28 of 66 and 90 of 434, 23.6 per cent), Cunningsburgh figures.",zcc-1960-1974.md
st-19640515-p5-a056,shetland-times,1964-05-15,5,056,"NORTH ISLES: Yell South, John R. Tulloch 144, C. G. Spence 132; 280 of 611 voted, four spoiled.",zcc-1960-1974.md
st-19670421-p5-a079,shetland-times,1967-04-21,5,079,No County Council contests: all divisions unopposed for May 1967; Fetlar and Tingwall no nomination; nominations list.,zcc-1960-1974.md
st-19700424-p1-a002,shetland-times,1970-04-24,1,002,Six possible county contests for the election on 12th May 1970; Rev. William C. Robb unopposed for Delting South.,zcc-1960-1974.md
st-19700501-p1-a138,shetland-times,1970-05-01,1,138,"A WITHDRAWAL: only five County Council seats contested ""in the election on Tuesday, 12th May""; J. G. Rae withdrew from Walls.",zcc-1960-1974.md
st-19700515-p1-a002,shetland-times,1970-05-15,1,002,"High turnout at some polls: five contests declared Wednesday; Sandness 68/14, Bressay 79 (OCR 179)/56/33, Sandwick 199/52/33.",zcc-1960-1974.md
st-19730511-p1-a006,shetland-times,1973-05-11,1,006,"LANDSLIDE FOR ""DEMOCRATS"": ""Tuesday was a fine day for polling""; five of the ten retiring members opposed lost their seats.",zcc-1960-1974.md
st-19730511-p1-a011,shetland-times,1973-05-11,1,011,"County results 1973: Aithsting Caldwell 151, Garrick 124, Peter F. M. Tulloch 46; Walls, Tingwall, Bressay, Dunrossness South, Northmavine North, Whiteness figures.",zcc-1960-1974.md
st-19600122-p4-a042,shetland-times,1960-01-22,4,042,THREE CANDIDATES NOMINATED FOR WALLS BY-ELECTION: polling Tuesday 9th February if more than one remains.,zcc-1960-1974.md
st-19600212-p8-a126,shetland-times,1960-02-12,8,126,"By-Election: Drever topped the poll at Walls ""on Tuesday"", 109; Robertson 69, Morrison 29; 351 electors, 207 voted, 2 rejected.",zcc-1960-1974.md
st-19600401-p4-a059,shetland-times,1960-04-01,4,059,"By-Election: ""In Tuesday's by-election"" John R. Smith 86, George A. Kerr 79, Bressay; just over 70 per cent.",zcc-1960-1974.md
st-19621019-p4-a065,shetland-times,1962-10-19,4,065,"COUNTY COUNCIL BY-ELECTION IN NORTH YELL ""on 4th December"" for Peterson's resignation; Council declined to co-opt.",zcc-1960-1974.md
st-19621221-p3-a048,shetland-times,1962-12-21,3,048,"NEW MEMBER TAKES HIS SEAT: Hugh T. Sutherland took his seat for Yell North ""on Tuesday"" (18 Dec 1962).",zcc-1960-1974.md
st-19630823-p4-a054,shetland-times,1963-08-23,4,054,"By-Elections: ""Tuesday, 24th September, has been fixed"" for Delting North and Dunrossness North.",zcc-1960-1974.md
st-19630906-p4-a053,shetland-times,1963-09-06,4,053,No nomination for 'Ness seat: Dunrossness North vacant; petitions to co-opt Bruce and A. W. Peterson refused in June; Peterson opposed by William Nicolson.,zcc-1960-1974.md
st-19630927-p4-a053,shetland-times,1963-09-27,4,053,"By-Election: A. W. Peterson returned for Delting North ""on Tuesday"", 57 to William Nicolson 11; 34.5 per cent.",zcc-1960-1974.md
st-19631025-p4-a052,shetland-times,1963-10-25,4,052,"Co-opted: R. H. W. Bruce ""was co-opted a member of Shetland County Council on Tuesday"" for Dunrossness North; no nomination at the by-election.",zcc-1960-1974.md
st-19640529-p5-a077,shetland-times,1964-05-29,5,077,"By-elections to be held in Whalsay and Skerries and Dunrossness South, where there were no nominations at the county election.",zcc-1960-1974.md
st-19640619-p5-a086,shetland-times,1964-06-19,5,086,"No contests: ""two Shetland County Council byelections due on 7th July""; one nomination each, Pottinger (Whalsay) and Bentley (Dunrossness South).",zcc-1960-1974.md
st-19660204-p4-a102,shetland-times,1966-02-04,4,102,"South Yell: John R. Tulloch's retiral through ill health leaves a vacancy; two nominations on Tuesday, Robert S. Gray and another.",zcc-1960-1974.md
st-19660225-p5-a139,shetland-times,1966-02-25,5,139,"LOCAL MAN: Robert S. Gray ""had a convincing victory in the Yell South by-election on Tuesday""; 28 per cent poll.",zcc-1960-1974.md
st-19660225-p5-a143,shetland-times,1966-02-25,5,143,"WINS AT YELL: 163 of the 589 electors voted; Gray 140, Alan Rhodes 22; one spoiled paper; Tulloch resigned.",zcc-1960-1974.md
st-19660527-p2-a018,shetland-times,1966-05-27,2,018,"By-election: Bressay ""will have a by-election on 14th June"" unless there are withdrawals by Tuesday.",zcc-1960-1974.md
st-19660617-p4-a068,shetland-times,1966-06-17,4,068,"By-Election: Bressay ""on Tuesday"", John H. Scott 46, William Smith 34; 38.6 per cent of the 216 electors.",zcc-1960-1974.md
st-19670602-p4-a055,shetland-times,1967-06-02,4,055,"By-Elections: ""to be held on 25th July"" for Tingwall and Fetlar.",zcc-1960-1974.md
st-19670707-p4-a077,shetland-times,1967-07-07,4,077,"Councillors: no contests in Fetlar and Tingwall; one nomination each, Arthur Johnson and Andrew B. Irvine, who ""become county councillors on 25th July"".",zcc-1960-1974.md
st-19700529-p5-a045,shetland-times,1970-05-29,5,045,Filling two vacant seats: by-elections to be held for Burra Isle and Whiteness and Weisdale.,zcc-1960-1974.md
st-19700626-p11-a100,shetland-times,1970-06-26,11,100,"No by-elections necessary: one nomination each, Barbara A. Anderson (Burra) and John G. Rae (Whiteness and Weisdale); ""declared county councillors on 14th July"".",zcc-1960-1974.md
st-19701002-p6-a041,shetland-times,1970-10-02,6,041,"Retired teacher elected: Arthur Irvine won Gulberwick and Quarff ""In a byelection held on Tuesday"", 55 to Mrs C. F. Johnson 22; 58 per cent of 131.",zcc-1960-1974.md
st-19701002-p18-a127,shetland-times,1970-10-02,18,127,"Isles committee debate: ""the Northmavine representative, Mr R. Balfour"" at the County Council.",zcc-1960-1974.md
st-19710924-p1-a002,shetland-times,1971-09-24,1,002,"By-election for Dunrossness: Mrs Mary Fisher, sole valid nominee in August, could not take her seat as a council employee and resigned; another by-election.",zcc-1960-1974.md
st-19711029-p1-a006,shetland-times,1971-10-29,1,006,"Two nominated for Dunrossness: Mrs Mary Fisher and James W. Leask; by-election ""fixed for Tuesday, [day lost] November"".",zcc-1960-1974.md
st-19720324-p1-a006,shetland-times,1972-03-24,1,006,"COUNTY COUNCILLOR RETIRES: Robert Balfour ""has resigned as member for Northmavine South"" after seventeen years; resignation at Tuesday's meeting.",zcc-1960-1974.md
st-19720428-p1-a009,shetland-times,1972-04-28,1,009,"John Jamieson, the only nominee for Northmavine South, will ""take a seat on Shetland County Council on 16th May"".",zcc-1960-1974.md
st-19720721-p1-a006,shetland-times,1972-07-21,1,006,"No election needed in Burra Isle: one nomination, William A. Cumming, ""declared councillor ... on 8th August, the date fixed for the poll"".",zcc-1960-1974.md
st-19731123-p1-a013,shetland-times,1973-11-23,1,013,"By-election for North Yell, probably in mid-January, to replace A. J. Cluness on his appointment as procurator fiscal.",zcc-1960-1974.md
st-19740111-p1-a008,shetland-times,1974-01-11,1,008,"High poll in North Yell: ""Despite Tuesday's bad weather"" 72 per cent; David J. Johnston 108, Andrew J. Williamson 90; no spoiled papers.",zcc-1960-1974.md
st-19710813-p1-a006,shetland-times,1971-08-13,1,006,"MINISTER'S WIFE WILL BE NEW COUNCILLOR: Mrs Mary T. Fisher, the only nominee when nominations closed last week, ""will be formally elected"" for Dunrossness North on 24th August, replacing Iain Campbell.",zcc-1960-1974.md
st-19710910-p1-a002,shetland-times,1971-09-10,1,002,"What the department wants: ""A legal technicality ... debarred her from taking her seat""; ""to assist the council to overcome the difficulty created by her election, Mrs Fisher has resigned"". Text from the search snippet; the article OCR is only the photo caption.",zcc-1960-1974.md
st-18721223-p2-a012,shetland-times,1872-12-23,2,012,"Tait to the electors of Zetland: nomination ""takes place on Monday first"" (30 Dec 1872).",westminster-1873-1974.md
st-18721230-p3-a032,shetland-times,1872-12-30,3,032,"Liberal Electors of Shetland!: the poll is ""one day in the first week of January"".",westminster-1873-1974.md
st-18730113-p2-a048,shetland-times,1873-01-13,2,048,Local and District News: result declared at Kirkwall; majority for Laing over Sir Peter Tait; eleven voting papers disallowed. Figures lost in the OCR.,westminster-1873-1974.md
st-18740209-p2-a038,shetland-times,1874-02-09,2,038,"Mr Laing in Shetland: Samuel Laing ""the only candidate for the representation of Orkney"" and Shetland.",westminster-1873-1974.md
st-18740223-p2-a067,shetland-times,1874-02-23,2,067,"Local news, ""Mr Laing's Return"": nomination ""on Friday last in the Sheriff Court, Kirkwall""; proposed by Mr Iverach, no other candidate.",westminster-1873-1974.md
st-18800424-p3-a033,shetland-times,1880-04-24,3,033,"The Voting by Ballot: electors vote ""at the election on the 26th and 27th""; specimen ballot ""BADENOCH (George Roy Badenoch)"".",westminster-1873-1974.md
st-18800501-p2-a025,shetland-times,1880-05-01,2,025,"Leader: 1868 ""total number polled was 1161""; ""the total this week was 1414, giving Liberal majority 378"".",westminster-1873-1974.md
st-18800501-p2-a027,shetland-times,1880-05-01,2,027,"The County Election, triumphant return of Mr Laing: ""the substantial majority 378 for Mr Laing"".",westminster-1873-1974.md
st-18851219-p3-a087,shetland-times,1885-12-19,3,087,"Grand Liberal Majority: ""The polling took place in Lerwick on Monday""; 443 votes by the close of the first day.",westminster-1873-1974.md
st-18851219-p3-a089,shetland-times,1885-12-19,3,089,"Declaration of the Poll: Leonard Lyell (L.), Hon. C. T. Dundas (C.) 1940, ""LIBERAL MAJORITY, 1412""; declared at Kirkwall on Friday.",westminster-1873-1974.md
st-18860731-p2-a053,shetland-times,1886-07-31,2,053,"Leader on the Unionist hoax: the authentic telegram ""Lyell 2353, Hoare 1382, majority for Lyell 971"".",westminster-1873-1974.md
st-18860731-p3-a060,shetland-times,1886-07-31,3,060,"Representation of the County, return of Lyell, majority of 971: ""The polling ... took place on Monday and Tuesday last"".",westminster-1873-1974.md
st-18920730-p2-a053,shetland-times,1892-07-30,2,053,"Representation of County, Declaration of Poll: declared at Kirkwall on Friday, ""Majority for Lyell, 1008""; ""Polling commenced ... on Monday morning""; restates 1885 and 1886.",westminster-1873-1974.md
st-18920730-p2-a054,shetland-times,1892-07-30,2,054,"Polling in the Country: telegram ""Lyell, 2624; Younger, 1616"".",westminster-1873-1974.md
sn-18950810-p5-a027,shetland-news,1895-08-10,5,027,"The County Election. The Polling (Shetland News): ""took place on Tuesday and Wednesday""; 1892 given as Lyell 2623, Younger 1617, majority 1006.",westminster-1873-1974.md
st-18950817-p2-a045,shetland-times,1895-08-17,2,045,"Claims notices for the 1895 election: Sir Leonard Lyell, Baronet of Kinnordy; Ralph Wardlaw McLeod Fullarton, Q.C.",westminster-1873-1974.md
st-18950817-p2-a046,shetland-times,1895-08-17,2,046,"Leader: figures wired on Saturday, ""the Liberal majority to be 781""; Fullarton polled fewer than Younger in 1892.",westminster-1873-1974.md
st-18950817-p2-a061,shetland-times,1895-08-17,2,061,"Table of past contests: 1873 electorate 1537, Laing 646, Tait 621; 1874 electorate 1618, unopposed; 1880 electorate 1703, ""G. R. Badenoch (C.) 518"", majority 378; 1885 electorate 7394; 1886 2353, 1382.",westminster-1873-1974.md
sn-18950817-p5-a024,shetland-news,1895-08-17,5,024,"The County Election (Shetland News): declared at Kirkwall 1.45 on Saturday; OCR ""Lyell $361, Fullarton 1680, majority 781""; 21 spoilt papers.",westminster-1873-1974.md
st-18970410-p3-a032,shetland-times,1897-04-10,3,032,"Letter: ""The polling in 1895 showed thus—Sir Leonard Lyell (L) 2361 R. W. M. Fullarton, Q.C. ...""",westminster-1873-1974.md
st-19001020-p5-a095,shetland-times,1900-10-20,5,095,"Vote for Lyell!: ""Orkney and Shetland polls on Tuesday and Wednesday next"".",westminster-1873-1974.md
st-19001027-p4-a094,shetland-times,1900-10-27,4,094,The Parliamentary Election: the polling in Lerwick.,westminster-1873-1974.md
st-19001103-p4-a087,shetland-times,1900-11-03,4,087,"1895: Lyell ""secured 2361 votes, while his opponent, Mr Fullarton, only obtained 1580""; 1900 ""majority of 40 votes"".",westminster-1873-1974.md
st-19021122-p4-a072,shetland-times,1902-11-22,4,072,"The Parliamentary Contest: ""The polling ... took place on Tuesday and Wednesday""; three candidates.",westminster-1873-1974.md
st-19021129-p4-a078,shetland-times,1902-11-29,4,078,"Declaration of the Poll, with past contests: 1892 2624 v 1617, majority 1007; 1895 2361 v 1580; 1900 2057 v 2017; 1902 Wason (L.) 2412, T. McKinnon Wood (L.) 2001, Angier (U.) illegible.",westminster-1873-1974.md
st-19060127-p1-a004,shetland-times,1906-01-27,1,004,"Returning Officer's notice: ""The Poll will take place on TUESDAY and WEDNESDAY, the 6th and 7th days of February, 1906"".",westminster-1873-1974.md
st-19100205-p3-a047,shetland-times,1910-02-05,3,047,"Leader: the end of the contest; the constituency polls ""on Tuesday and Wednesday"".",westminster-1873-1974.md
st-19100212-p4-a076,shetland-times,1910-02-12,4,076,"The Orkney and Shetland Election: ""[Tuesday] and Wednesday were the polling days"".",westminster-1873-1974.md
st-19100219-p4-a099,shetland-times,1910-02-19,4,099,"The Parliamentary Contest: triumphant victory, ""Liberal Majority, 3123"".",westminster-1873-1974.md
st-19101217-p4-a066,shetland-times,1910-12-17,4,066,"An Unopposed Return: nominations handed in at Kirkwall on Wednesday; no other candidate, so Wason ""is therefore elected"".",westminster-1873-1974.md
st-19181207-p4-a093,shetland-times,1918-12-07,4,093,"Return of Mr Cathcart Wason: nominated at Kirkwall on Wednesday; ""There was no other nomination"".",westminster-1873-1974.md
st-19210521-p4-a082,shetland-times,1921-05-21,4,082,"The Nominations: on Tuesday at Kirkwall, twelve papers for Sir Malcolm Smith signed by Liberals and Unionists; no other nomination.",westminster-1873-1974.md
st-19221125-p4-a064,shetland-times,1922-11-25,4,064,"Enthusiasm in the County: Sir Robert Hamilton ""returned ... by a majority of 625 votes"".",westminster-1873-1974.md
st-19221125-p4-a065,shetland-times,1922-11-25,4,065,"Result: ""SIR ROBERT HAMILTON 4814 SIR MALCOLM SMITH [4]189 LIBERAL MAJORITY"".",westminster-1873-1974.md
st-19231215-p4-a078,shetland-times,1923-12-15,4,078,"Local and District News: Hamilton ""increased his majority from 625 to 811"".",westminster-1873-1974.md
st-19231215-p4-a082,shetland-times,1923-12-15,4,082,"Result: ""Sir ROBERT HAMILTON 5129 Mr Robert Boothby [illegible] LIBERAL MAJORITY"".",westminster-1873-1974.md
st-19241025-p4-a061,shetland-times,1924-10-25,4,061,"Sir R. W. Hamilton Returned Unopposed: returned ""on Saturday of last week""; nominations by noon on Saturday.",westminster-1873-1974.md
st-19290608-p4-a073,shetland-times,1929-06-08,4,073,"Result: ""SIR ROBERT W. HAMILTON 8256 Major Basil H. H. Neven-Spence 5404 Majority 2852"".",westminster-1873-1974.md
st-19311024-p5-a082,shetland-times,1931-10-24,5,082,"Unopposed Return of Sir Robert Hamilton: ""On Friday of last week candidates were nominated"".",westminster-1873-1974.md
st-19351102-p4-a077,shetland-times,1935-11-02,4,077,"Election preview with past results: 1923 Boothby 4,315, majority 814; 1924 unopposed; 1929 8,256 v 5404.",westminster-1873-1974.md
st-19351123-p4-a075,shetland-times,1935-11-23,4,075,"Sir Robert Hamilton Defeated: ""NEVEN-SPENCE ... 8406 Sir R. W. Hamilton ... 6180 Majority ... 2226"".",westminster-1873-1974.md
st-19450727-p2-a036,shetland-times,1945-07-27,2,036,"Election Sequel: ""Neven-Spence (Con.) 6304 Major J. Grimond (Lib.) 5975 Mr Prophet Smith (Lab.) 5208"".",westminster-1873-1974.md
st-19450727-p2-a037,shetland-times,1945-07-27,2,037,"Former Elections: 1935 ""Neven Spence 8406 Sir R. W. Hamilton 6190"" (OCR); some 40 per cent polled.",westminster-1873-1974.md
st-19500303-p5-a064,shetland-times,1950-03-03,5,064,"Record Poll, with past results: 1935 8406 v 6108 (OCR), majority 2226; 1945 6304, 5975, 5208, majority 329.",westminster-1873-1974.md
st-19500303-p5-a067,shetland-times,1950-03-03,5,067,"The Result: J. Grimond, Liberal; Sir B. Neven-Spence; H. R. Leslie, Labour (figures in a068).",westminster-1873-1974.md
st-19500303-p5-a068,shetland-times,1950-03-03,5,068,"The figures: ""9237 6281 4198 MAJORITY, 2956"".",westminster-1873-1974.md
st-19511102-p5-a063,shetland-times,1951-11-02,5,063,"Grimond Back, Doubled Majority: ""Grimond (Liberal) 11,745 Mr Archibald Tennant (Con.) 5,354 Mr Magnus Fairnie (Labour) 3,335"".",westminster-1873-1974.md
st-19511102-p5-a065,shetland-times,1951-11-02,5,065,"Figure Facts: 27 spoiled papers, ""20,434 voted out of a total electorate of 29,603""; 1950 Leslie 4198, 19,716 voted.",westminster-1873-1974.md
st-19550520-p2-a023,shetland-times,1955-05-20,2,023,"General Election 1951: Grimond 11745, Tennant 5354, Fairnie 3335, Liberal majority 6391.",westminster-1873-1974.md
st-19550513-p1-a147,shetland-times,1955-05-13,1,147,"Advertisement: ""EDGAR RAMSAY The Labour Candidate"".",westminster-1873-1974.md
st-19550603-p5-a078,shetland-times,1955-06-03,5,078,"Grimond again, with record majority: ""J. Grimond (Lib.) J. W. Eunson (Con.) E. Ramsay (Lab.) 11,753 3760 2914"".",westminster-1873-1974.md
st-19550603-p5-a090,shetland-times,1955-06-03,5,090,"Figure Facts: ""18,479 voted out of a total electorate of 28,298"".",westminster-1873-1974.md
st-19550603-p5-a083,shetland-times,1955-06-03,5,083,"Previous Results: 1945 6304, 5975, 5208; 1950 9237, 6281, ""H. R. Leslie (Lab.) 4198"", majority 2956.",westminster-1873-1974.md
st-19591016-p5-a061,shetland-times,1959-10-16,5,061,"Grimond Again with Increased Majority: ""J. Grimond (Lib.) R. H. W. Bruce (Con.) R. S. McGowan (Lab.) 12,099 3,487 3,275 Maj. 8,612"".",westminster-1873-1974.md
st-19591023-p6-a067,shetland-times,1959-10-23,6,067,"Previous Results: 1950 Leslie 4198; 1951 Fairnie (Lab.) 3335, majority 6391; 1955 E. Ramsay (Lab.) 2914, majority 7993.",westminster-1873-1974.md
st-19641023-p5-a065,shetland-times,1964-10-23,5,065,"The North Goes All Liberal: ""GRIMOND (Liberal) 11,604 FIRTH (Unionist) 3,704 McINNES (Labour) 3,232"".",westminster-1873-1974.md
st-19660311-p4-a096,shetland-times,1966-03-11,4,096,"Labour Candidate: ""Mr Hugh Lynch, a young Coatbridge schoolteacher, was formally adopted"".",westminster-1873-1974.md
st-19660408-p4-a082,shetland-times,1966-04-08,4,082,"Grimond Again After Very Poor Poll: ""Grimond (Liberal) Firth (Tory) Lynch (Labour) 9605 3630 3021"".",westminster-1873-1974.md
st-19700626-p1-a006,shetland-times,1970-06-26,1,006,"Grimond's majority slashed: ""Grimond (Liberal) 7896, Firth (Tory) 5364; Reid (Labour) 3552"".",westminster-1873-1974.md
st-19740308-p1-a006,shetland-times,1974-03-08,1,006,"Nearly Trebled: announced at Kirkwall last Friday, ""Liberal 11491; Tory 4186; Labour 2865"".",westminster-1873-1974.md
st-19741018-p1-a002,shetland-times,1974-10-18,1,002,"Grimond Back Again: ""J. Grimond (Lib.) ... 9877 H. Firth (SNP) R. Fraser (Con.) J. W. G. Wills (Lab.) 2175""; SNP and Conservative figures illegible.",westminster-1873-1974.md
mb-p13,ltc-minute-book,,13,,2 Apr 1818 first election: Bailies Edmondston and Linklater (Ogilvy declined); nine councillors,research/bna/ltc-1818-1871-minute-book.md
mb-p22,ltc-minute-book,,22,,7 Sep 1820 election: Bailies Edmondston and G. Duncan; nine councillors,research/bna/ltc-1818-1871-minute-book.md
mb-p27,ltc-minute-book,,27,,4 Sep 1823 election meeting opened; the book records no result,research/bna/ltc-1818-1871-minute-book.md
mb-p29,ltc-minute-book,,29,,29 Oct 1823: first meeting since the election; members present accept office,research/bna/ltc-1818-1871-minute-book.md
mb-p30,ltc-minute-book,,30,,31 Oct 1823 adjourned meeting: Angus among councillors present,research/bna/ltc-1818-1871-minute-book.md
mb-p31,ltc-minute-book,,31,,22 Oct 1824 meeting: Councillor Ogilvy (James) present,research/bna/ltc-1818-1871-minute-book.md
mb-p35,ltc-minute-book,,35,,7 Sep 1826 election: Bailies C. Ogilvy and W. Spence; nine councillors,research/bna/ltc-1818-1871-minute-book.md
mb-p64,ltc-minute-book,,64,,6 Sep 1832 election: Bailies C. Ogilvy and Greig; nine councillors in ballot order,research/bna/ltc-1818-1871-minute-book.md
mb-p74,ltc-minute-book,,74,,3 Sep 1835 election: Bailies C. Ogilvy and G. Duncan; nine councillors in ballot order,research/bna/ltc-1818-1871-minute-book.md
mb-p94,ltc-minute-book,,94,,6 Sep 1838 election: Bailies re-elected; nine councillors in ballot order,research/bna/ltc-1818-1871-minute-book.md
mb-p97,ltc-minute-book,,97,,2 Sep 1841 election: Bailies re-elected; nine councillors in ballot order,research/bna/ltc-1818-1871-minute-book.md
mb-p105,ltc-minute-book,,105,,5 Sep 1844 election: Gifford of Busta Senior Bailie; J. Leask Junior Bailie; nine councillors,research/bna/ltc-1818-1871-minute-book.md
mb-p118,ltc-minute-book,,118,,2 Sep 1847 election: Sievwright elected Senior Bailie by ballot over Leask,research/bna/ltc-1818-1871-minute-book.md
mb-p119,ltc-minute-book,,119,,2 Sep 1847 election: Leask Junior Bailie; nine councillors in ballot order,research/bna/ltc-1818-1871-minute-book.md
mb-p124,ltc-minute-book,,124,,6 Sep 1850 election: Sievwright and C. G. Duncan Bailies; nine councillors,research/bna/ltc-1818-1871-minute-book.md
mb-p136,ltc-minute-book,,136,,1 Sep 1853 election: Sievwright and C. G. Duncan Bailies; nine councillors,research/bna/ltc-1818-1871-minute-book.md
mb-p145,ltc-minute-book,,145,,4 Sep 1856 election: C. G. Duncan and G. H. B. Hay Bailies; nine councillors,research/bna/ltc-1818-1871-minute-book.md
mb-p154,ltc-minute-book,,154,,1 Sep 1859 election: Duncan and Hay re-elected Bailies; nine councillors,research/bna/ltc-1818-1871-minute-book.md
mb-p166,ltc-minute-book,,166,,4 Sep 1862 election: Duncan declines; Joseph Leask elected Senior Bailie,research/bna/ltc-1818-1871-minute-book.md
mb-p167,ltc-minute-book,,167,,4 Sep 1862 election: A. J. Grierson yr Junior Bailie; nine councillors,research/bna/ltc-1818-1871-minute-book.md
mb-p189,ltc-minute-book,,189,,7 Sep 1865 election: Duncan beats Leask 19-14 for Senior Bailie; John Robertson Senior Junior Bailie,research/bna/ltc-1818-1871-minute-book.md
mb-p190,ltc-minute-book,,190,,7 Sep 1865 election: nine councillors,research/bna/ltc-1818-1871-minute-book.md
mb-p227,ltc-minute-book,,227,,3 Sep 1868 election: Duncan and Robertson Senior Bailies; nine councillors in ballot order,research/bna/ltc-1818-1871-minute-book.md
mb-p239,ltc-minute-book,,239,,7 Sep 1871 election: Duncan and Robertson Senior Bailies; nine councillors in ballot order,research/bna/ltc-1818-1871-minute-book.md
st-19420711-p2-a027,shetland-times,1942-07-11,2,027,"""Congratulations to Councillor Gear"": at the monthly meeting of Tue 7 Jul 1942 the Provost congratulated Gear on his appointment as postmaster at Lyness, sorry ""it might take him away from us for a time""; Gear's farewell speech. The report is headed ""Resignation of Councillor John Gear"" (a024), but no letter was read: his resignation came in Feb 1943.",ww2-councils.md
sn-19440525-p2-a019,shetland-news,1944-05-25,2,019,"""Death of Mr Henry Mouat"": the ex-County Convener and ex-chairman of the Harbour Trust ""died early on Saturday morning"" (20 May 1944) at Hamarslea, Lerwick, in his 69th year; funeral on the Wednesday.",ww2-councils.md
st-19011102-p1-a014,shetland-times,1901-11-02,1,014,"End of the burgh notice of Town Council candidates (table split over art. 009-014): ""ROBERTSON, James — Northness"".",early-socialists-1901-1913.md
st-19031024-p1-a016,shetland-times,1903-10-24,1,016,"Advert: ""JAMES ROBERTSON, auctioneer, valuator and fishsalesman, North End, Lerwick, 88 Commercial Street"".",early-socialists-1901-1913.md
st-19031031-p4-a070,shetland-times,1903-10-31,4,070,"Town Council nominations: James Robertson proposed by David Sutherland (supporters include A. R. S. Ratter and Adam Halcrow), and by S. W. Fordyce.",early-socialists-1901-1913.md
st-19110204-p4-a060,shetland-times,1911-02-04,4,060,"Death notice: at Nordrach-on-Dee on 29 Jan, ""JAMES ROBERTSON, M.B., Ch.B., eldest surviving son of Thomas and Grace Robertson, North Ness, Lerwick. Aged 37"".",early-socialists-1901-1913.md
st-19110204-p4-a067,shetland-times,1911-02-04,4,067,"Obituary ""Death of Dr James Robertson, of Lerwick"": died Sunday (29 Jan) at Banchory; house painter, then auctioneer and fish salesman, then M.B. Edinburgh; School Board ""stormy petrel"".",early-socialists-1901-1913.md
st-19051111-p4-a071,shetland-times,1905-11-11,4,071,"canvass ""especially by the members of the Working Men's Association, who were running two candidates"" (Ratter and Sinclair); only they sent a circular.",party-labels-ltc-1890-1913.md
st-19051111-p1-a007,shetland-times,1905-11-11,1,007,"joint thanks notice by Alexander Ratter and William Sinclair ""as Working-Class Representatives"", dated 9 Nov.",party-labels-ltc-1890-1913.md
st-19061110-p4-a073,shetland-times,1906-11-10,4,073,"""Lerwick Municipal Contest"": ""The Socialist section was well represented"", with a systematic canvass and a circular; the candidate isn't named.",party-labels-ltc-1890-1913.md
st-19071109-p4-a063,shetland-times,1907-11-09,4,063,"""Counting the votes"": M. L. Manson agent for Addison; ""the Socialist had no fewer than 165 plumpers"".",party-labels-ltc-1890-1913.md
st-19071109-p1-a016,shetland-times,1907-11-09,1,016,"joint thanks notice signed Irvine, A. Smith, J. Smith and W. S. Smith; no group name.",party-labels-ltc-1890-1913.md
st-19081107-p4-a148,shetland-times,1908-11-07,4,148,"""Counting the votes"": Manson agent for Sinclair, Pottinger for Ratter; a voter ""signed for the Socialists""; 189 voted for Ratter and Sinclair only.",party-labels-ltc-1890-1913.md
st-19081107-p5-a161,shetland-times,1908-11-07,5,161,Lerwick Ratepayers' Association meeting (Mon 2 Nov) to hear the views of every nominated candidate; not a slate.,party-labels-ltc-1890-1913.md
st-19121102-p4-a061,shetland-times,1912-11-02,4,061,"leader: a ratepayers' committee of clergymen brought forward Grierson, Ramsay and H. J. Robertson pledged against Sunday opening; Greig ""an independent candidate""; Greig and Robertson withdrew.",party-labels-ltc-1890-1913.md
st-19191025-p1-a148,shetland-times,1919-10-25,1,148,"""IMPORTANT TO TRADE UNIONISTS"": mass meeting, Rechabite Hall, Fri 31 Oct, ""To hear Addresses by Labour Candidates for ensuing Local Elections""; signed James Laing, union secretary.",party-labels-ltc-1914-1924.md
st-19191101-p1-a190,shetland-times,1919-11-01,1,190,"public meeting of ratepayers, Town Hall, Mon 3 Nov, ""TO HEAR ADDRESSES BY LABOUR CANDIDATES"".",party-labels-ltc-1914-1924.md
st-19191108-p4-a087,shetland-times,1919-11-08,4,087,"""A Record Poll"": most candidates stood in groups; Laing, Pottinger, M. L. Manson and Morrison ""stood together"" and addressed the Town Hall meeting on Monday.",party-labels-ltc-1914-1924.md
st-19201030-p1-a164,shetland-times,1920-10-30,1,164,"joint address ""as Labour Candidates"", pointing to the work of Labour representatives; signed David Murray, William Bruce (and W. Sinclair).",party-labels-ltc-1914-1924.md
st-19201030-p1-a177,shetland-times,1920-10-30,1,177,"public meeting, Rechabite Hall, Mon 1 Nov: addresses by the ""LABOUR CANDIDATES"" William Sinclair, David Murray and William Bruce.",party-labels-ltc-1914-1924.md
st-19201106-p4-a095,shetland-times,1920-11-06,4,095,"""The three Labour candidates"" addressed a meeting; Ganson, Ratter and Duffin issued a circular (no group name).",party-labels-ltc-1914-1924.md
st-19211022-p4-a089,shetland-times,1921-10-22,4,089,"rumour that ""the Social-Democrats"" will put forward one or two new candidates, and the ""Ratepayers"" have candidates in view.",party-labels-ltc-1914-1924.md
st-19211105-p4-a083,shetland-times,1921-11-05,4,083,"both ""parties"" - ""the Moderates and Social Democrats"" - issued circulars on Monday; the candidates on each side aren't listed.",party-labels-ltc-1914-1924.md
st-19251024-p4-a073,shetland-times,1925-10-24,4,073,"preview: the three retiring Labour members and Sandison, Labour's new candidate; Campbell, Cogle and Inkster new candidates to ""oust the three Labour candidates"".",party-labels-ltc-1925-1938.md
st-19251031-p1-a193,shetland-times,1925-10-31,1,193,"meeting notice, Rechabite Hall, Mon 2 Nov: ""SPEAKERS—THE LABOUR CANDIDATES: Alex. S. Manson, Magnus L. Manson, James Morrison, Laurence Sandison"".",party-labels-ltc-1925-1938.md
st-19261106-p4-a075,shetland-times,1926-11-06,4,075,"the candidates: Ganson, J. W. Irvine, John Manson and Ratter ""sought election as the 'Constitutional' or 'Moderate' party representatives""; Gray, Murray, Sandison and Spence ""the representatives of Labour"".",party-labels-ltc-1925-1938.md
st-19291102-p1-a205,shetland-times,1929-11-02,1,205,"address: support ""the Labour Candidates, Alexander S. Manson, Laurence Sandison, and William Sinclair"".",party-labels-ltc-1925-1938.md
st-19291109-p4-a128,shetland-times,1929-11-09,4,128,"""Three Labour Candidates Top the Poll"": Ganson, Irvine and Ratter ""stood together as 'Constitutional' candidates"" with a circular.",party-labels-ltc-1925-1938.md
st-19321029-p4-a026,shetland-times,1932-10-29,4,026,"joint address of the retiring councillors Bruce, A. S. Manson, Morrison and Sandison; no party name.",party-labels-ltc-1925-1938.md
st-19321105-p4-a025,shetland-times,1932-11-05,4,025,"result: Conochie, R. J. H. Ganson, Henderson and William Robertson ""the nominees of the Ratepayers' Association""; Thomas Johnston ""stood as an independent candidate""; the four retiring councillors unlabelled.",party-labels-ltc-1925-1938.md
st-19341103-p4-a044,shetland-times,1934-11-03,4,044,"nine candidates: three retiring councillors, ""the five candidates put forward by the Ratepayers' Association"" (Dalziel, L. Laurenson, J. W. Robertson, Jas. A. Smith, A. I. Tulloch) and J. Alex. Blance.",party-labels-ltc-1925-1938.md
st-19351109-p4-a059,shetland-times,1935-11-09,4,059,"the candidates: T. A. Sinclair and John Sutherland new, ""the latter as a Ratepayer's Association nominee""; no other labels.",party-labels-ltc-1925-1938.md
st-19371030-p4-a099,shetland-times,1937-10-30,4,099,"five retiring councillors ""as a combined group""; six ""put forward as representatives of the Transport and General Workers' Union and the local Labour party""; Mouat ""one independent candidate"".",party-labels-ltc-1925-1938.md
st-19371030-p4-a103,shetland-times,1937-10-30,4,103,"joint address of the five retiring councillors: four ""adherents of the Ratepayers' Association, one is not a member"".",party-labels-ltc-1925-1938.md
st-19371106-p4-a066,shetland-times,1937-11-06,4,066,"""Ratepayers' Association Candidates Defeated. Five Seats Won by Labour Party"": the defeated included ""four of the nominees originally sponsored by the Ratepayers' Association"".",party-labels-ltc-1925-1938.md
st-19381029-p4-a083,shetland-times,1938-10-29,4,083,"nominations: Ganson, Irvine, Shearer and Mouat ""standing as independent candidates""; Dalziel, Garriock, Johnson, Sinclair and Williamson ""standing as Labour party candidates"".",party-labels-ltc-1925-1938.md
st-19381029-p4-a084,shetland-times,1938-10-29,4,084,"addresses: Mouat ""standing as an Independent Candidate"", opposed to political parties on the Council.",party-labels-ltc-1925-1938.md
st-19451102-p1-a103,shetland-times,1945-11-02,1,103,"Mouat's advert: ""again nominated as an independent member"".",party-labels-ltc-1945-1975.md
st-19461108-p5-a070,shetland-times,1946-11-08,5,070,"result table ""How they fared"": each candidate tagged (Lab.), (Ind.) or, for Reid, (Workers).",party-labels-ltc-1945-1975.md
st-19461115-p1-a128,shetland-times,1946-11-15,1,128,"Edward Reid ""who stood as a WORKERS' CANDIDATE"" thanks his supporters.",party-labels-ltc-1945-1975.md
st-19471024-p4-a082,shetland-times,1947-10-24,4,082,"""Independents will oppose Labour"": Labour's four (Anderson, Morrison, Thomason, Paton, selected in place of J. R. Smith) and three Independents (Williamson, Inkster, Fordyce).",party-labels-ltc-1945-1975.md
st-19471031-p1-a029,shetland-times,1947-10-31,1,029,"Mouat's advert: ""again nominated as an Independent Candidate"".",party-labels-ltc-1945-1975.md
st-19490401-p3-a039,shetland-times,1949-04-01,3,039,"""The Labour Party have announced the names of four members who will contest"" the election: John Anderson, J. R. Davidson, R. B. Blance, Arthur Johnson.",party-labels-ltc-1945-1975.md
st-19500428-p1-a010,shetland-times,1950-04-28,1,010,"Mouat's advert: ""again nominated as an Independent candidate"".",party-labels-ltc-1945-1975.md
st-19500512-p1-a023,shetland-times,1950-05-12,1,023,"thanks from Groat, Aitken, Blance and Johnson, ""who stood as Labour candidates"".",party-labels-ltc-1945-1975.md
st-19510427-p1-a012,shetland-times,1951-04-27,1,012,"joint address of Blance and Morrison headed ""SHETLAND LABOUR PARTY""; next to it Inkster and Ollason's joint address, no party name.",party-labels-ltc-1945-1975.md
st-19510504-p4-a039,shetland-times,1951-05-04,4,039,"result: papers favouring ""the two 'Moderates' Messrs Inkster and Ollason"" and ""the two Socialists"".",party-labels-ltc-1945-1975.md
st-19520502-p5-a077,shetland-times,1952-05-02,5,077,"joint address of W. Anderson, Conochie, Peterson and A. H. Robertson, ""nominated as Moderate candidates"".",party-labels-ltc-1945-1975.md
st-19520509-p1-a009,shetland-times,1952-05-09,1,009,"thanks headed ""LERWICK LABOUR PARTY"", signed by the Labour candidates.",party-labels-ltc-1945-1975.md
st-19540423-p5-a075,shetland-times,1954-04-23,5,075,"Eunson chosen as Conservative candidate; ""At last year's municipal election he stood as an Independent candidate"".",party-labels-ltc-1945-1975.md
st-19540430-p5-a086,shetland-times,1954-04-30,5,086,"advert ""The Lerwick Labour Party presents The Four Labour Candidates"", with photographs of Blance, Morrison, Gair and Strachan (names read from the page image).",party-labels-ltc-1945-1975.md
st-19550429-p2-a165,shetland-times,1955-04-29,2,165,"advert ""VOTE INDEPENDENT CONOCHIE X DANIEL X"", repeated on every page.",party-labels-ltc-1945-1975.md
st-19550429-p5-a090,shetland-times,1955-04-29,5,090,"joint address of Johnson, McKay, Nicolson and Tait, ""nominated by the Lerwick Labour Party"".",party-labels-ltc-1945-1975.md
st-19580418-p4-a056,shetland-times,1958-04-18,4,056,"""Thirteen fight for five seats"": ""seven Independents and six Socialists""; names each side.",party-labels-ltc-1945-1975.md
st-19580425-p3-a039,shetland-times,1958-04-25,3,039,"letter from William Johnston and Magnus Sandison: ""We are Independents in the true sense""; the Shetland News had called the other five ""Moderates"".",party-labels-ltc-1945-1975.md
st-19580502-p5-a080,shetland-times,1958-05-02,5,080,"Labour address: ""A team selected and elected by the Lerwick Labour Party"".",party-labels-ltc-1945-1975.md
st-19600429-p8-a125,shetland-times,1960-04-29,8,125,"advert: ""vote for the THREE INDEPENDENT CANDIDATES"" Daniel, Eric Gray, Harry Gray.",party-labels-ltc-1945-1975.md
st-19600513-p1-a012,shetland-times,1960-05-13,1,012,"thanks from ""the undersigned Labour Candidates"": Morrison, Paton, Johnston, Gair, Adair.",party-labels-ltc-1945-1975.md
st-19610428-p1-a119,shetland-times,1961-04-28,1,119,"P. S. W. Ollason's advert: ""As an independent candidate"".",party-labels-ltc-1945-1975.md
st-19610428-p1-a125,shetland-times,1961-04-28,1,125,"advert: ""The Lerwick Labour Party have nominated candidates"": Adair, Johnson, Johnston, Strachan.",party-labels-ltc-1945-1975.md
st-19610505-p5-a066,shetland-times,1961-05-05,5,066,"""Independents gain two seats"": ""The bloc of four Independents ... won all four vacant seats"".",party-labels-ltc-1945-1975.md
st-19620504-p4-a086,shetland-times,1962-05-04,4,086,result table with each candidate tagged (Lab.) or (Ind.).,party-labels-ltc-1945-1975.md
st-19630503-p8-a113,shetland-times,1963-05-03,8,113,"joint address of Adair and Morrison, ""the undersigned Labour Party candidates"".",party-labels-ltc-1945-1975.md
st-19630510-p8-a119,shetland-times,1963-05-10,8,119,"result: ""Mr A. D. Bennet, standing as a Conservative"".",party-labels-ltc-1945-1975.md
st-19640501-p4-a188,shetland-times,1964-05-01,4,188,"joint address of Anderson, Halcrow, Robertson and Taylor: ""be sure to vote Independent"".",party-labels-ltc-1945-1975.md
st-19680503-p5-a157,shetland-times,1968-05-03,5,157,"advert: ""The following Labour Party members"" Adair, Leask, Paton, Thomson.",party-labels-ltc-1945-1975.md
st-19690502-p2-a018,shetland-times,1969-05-02,2,018,"Furnival's advert: ""submitting myself as an Independent Candidate"".",party-labels-ltc-1945-1975.md
st-19690502-p2-a024,shetland-times,1969-05-02,2,024,"W. A. Moncrieff's advert, ""INDEPENDENT"".",party-labels-ltc-1945-1975.md
st-19690502-p3-a154,shetland-times,1969-05-02,3,154,"advert of ""The Labour Group"": Morrison, J. J. Paton, J. R. Smith, W. A. Smith.",party-labels-ltc-1945-1975.md
st-19011130-p1-a009,shetland-times,1901-11-30,1,009,"address of George Leslie to the electors of Tingwall: ""I am an entirely independent Candidate"".",party-labels-zcc-1890-1929.md
st-19061110-p4-a059,shetland-times,1906-11-10,4,059,"""Mr James Laing, who has been returned [as a] 'working man' candidate, now enters public life for the first time"".",party-labels-zcc-1890-1929.md
st-19451116-p1-a016,shetland-times,1945-11-16,1,016,"notice: ""Pastor T. C. Hamilton, the Independent Candidate for Tingwall Parish"" will address the Tingwall voters.",party-labels-zcc-1930-1975.md
st-19730330-p1-a011,shetland-times,1973-03-30,1,011,"""THE DEMOCRATS"": seven councillors ""formed ourselves into the Shetland Democratic Group"", standing for an open council at the May elections; signed Robb, Leask, Stove, F. Peterson, Jamieson, A. B. Fraser, Joan McLeod.",party-labels-zcc-1930-1975.md
st-19730420-p2-a187,shetland-times,1973-04-20,2,187,"R. Balfour, candidate for Northmavine North: ""I associate myself with the Democratic Group"".",party-labels-zcc-1930-1975.md
st-19730427-p3-a201,shetland-times,1973-04-27,3,201,"""SHETLAND DEMOCRATIC GROUP PUBLIC MEETING"" in Whiteness and Weisdale Hall: ""your democratic candidate, Mr J. Johnson"".",party-labels-zcc-1930-1975.md
st-19730504-p8-a083,shetland-times,1973-05-04,8,083,"""THE DEMOCRATS"": the Shetland Democratic Group's statement on oil, signed Robb, Stove, Jamieson, F. Peterson, Leask, W. G. Thomson, Balfour, Johnson, MacLeod, A. B. Fraser.",party-labels-zcc-1930-1975.md
st-19550506-p3-a028,shetland-times,1955-05-06,3,028,"letter ""Burra Election"": ""a Socialist opposing Mr James Pottinger"" (Robert Strachan); not the candidate's own label.",party-labels-zcc-1930-1975.md
st-19680809-p8-a114,shetland-times,1968-08-09,8,114,"AITH KNITWEAR FACTORY: machinists and Fair Isle finishers wanted, West Side and Central Mainland; ""CALDWELL, Bixter"".",biographies-zcc-1970s.md
st-19680906-p23-a278,shetland-times,1968-09-06,23,278,"Advert: ""Shetland's newest knitwear firm"", Aith Knitwear Factory, Aith, Bixter, ""PROPRIETOR: IAIN CALDWELL"".",biographies-zcc-1970s.md
st-19700911-p1-a003,shetland-times,1970-09-11,1,003,"Gulberwick and Quarff nominations: Mrs Christine Florence Johnson, widow of R. A. Johnson, and ""Arthur Irvine, from Crapp, Gulberwick"".",biographies-zcc-1970s.md
st-19730420-p8-a081,shetland-times,1973-04-20,8,081,"UNCONTESTED SEATS: ""FETLAR: *John M. Laurenson, GPO engineer, Westing, Ladysmith Road, Scalloway"".",biographies-zcc-1970s.md
st-19730427-p10-a122,shetland-times,1973-04-27,10,122,"Letter ""NORDPORT PLANS"" from Iain Caldwell, ""managing director of the Nordport Company Limited"": complex mainly at Graven, Sullom Voe; continued art. 123.",biographies-zcc-1970s.md
st-19730427-p10-a123,shetland-times,1973-04-27,10,123,"Caldwell letter, end: first visited in 1962; standing for Aithsting ""in broad agreement with the aims of the Shetland Democratic Group"".",biographies-zcc-1970s.md
st-19730504-p2-a028,shetland-times,1973-05-04,2,028,"""Stated Policy on North Sea Oil"": ""the undersigned retiring Landward members"", incl. Arthur Irvine, John M. Laurenson, W. A. Cumming.",biographies-zcc-1970s.md
st-19750228-p14-a169,shetland-times,1975-02-28,14,169,"Death notice: Robert Balfour, Lunnister, Sullom, at the Gilbert Bain Hospital on 17 Feb 1975, husband of Nessie Hall, ""aged 73 years"".",biographies-zcc-1970s.md
st-19820625-p1-a009,shetland-times,1982-06-25,1,009,"""Councillor dies at 45"": Fraser Peterson, chairman of SIC ports and harbours and pilotage committees, crofter and haulier, Brae.",biographies-zcc-1970s.md
st-19820625-p4-a033,shetland-times,1982-06-25,4,033,"Death notice: Fraser Peterson, Royal Infirmary, Aberdeen, 18 Jun 1982, aged 45; husband of Ina Johnson; son of Barron and Maggie Peterson.",biographies-zcc-1970s.md
st-19920117-p4-a044,shetland-times,1992-01-17,4,044,"Death notice: John M. (Jackie) Laurenson, Glamis Hospital, Dunedin, NZ, 8 Jan 1992, aged 67; husband of Flora Isbister.",biographies-zcc-1970s.md
st-19950512-p4-a036,shetland-times,1995-05-12,4,036,"Death notice: ""at Fernlea Care Centre, Whalsay, on 26th April, Arthur (Ertie), of Crapp, Gulberwick, aged 89"".",biographies-zcc-1970s.md
st-19840518-p2-a019,shetland-times,1984-05-18,2,019,"""Former vice-convener dies after battling with illness"": John Butler died ""on Sunday"" aged 58; customs officer, came 1948, Labour, Breiwick, vice-convener 1978-82.",biographies-1950s-1980s.md
st-19840518-p3-a027,shetland-times,1984-05-18,3,027,"Butler obituary, end: Jim Irvine of the SCSS on his neutral stance as vice-convener; funeral at the Methodist church.",biographies-1950s-1980s.md
st-19840518-p4-a037,shetland-times,1984-05-18,4,037,"Death notice: ""BUTLER — At the Gilbert Bain Hospital on 12th May, 1984, John Charles Butler""; wife Christina.",biographies-1950s-1980s.md
st-19810828-p1-a004,shetland-times,1981-08-28,1,004,"""Pensioners' champion dies at 81"": Jimmy Paton, founder and chairman of the Shetland branch of the OAP Association; Labour councillor.",biographies-1950s-1980s.md
st-19810904-p4-a039,shetland-times,1981-09-04,4,039,"Death notice: ""PATON — At the New Gilbert Bain Hospital on 26th August, 1981"" (name and age garbled in the OCR).",biographies-1950s-1980s.md
st-19810911-p2-a014,shetland-times,1981-09-11,2,014,"""Convener pays tribute to Mr Jimmy Paton"": councillor from 1960 on the Town and County Councils, SIC four years from 1974; eight committees.",biographies-1950s-1980s.md
st-19810918-p15-a131,shetland-times,1981-09-18,15,131,"""More tributes to J. J. Paton"": SCSS executive committee from 1978; his heckling at political meetings ""a legend"".",biographies-1950s-1980s.md
st-19810918-p15-a132,shetland-times,1981-09-18,15,132,"""Labour's tribute"": the Shetland Labour Party on his trade unionism.",biographies-1950s-1980s.md
st-19800404-p12-a093,shetland-times,1980-04-04,12,093,"Court report: ""Hon. Sheriff Harry Gray"" in Lerwick Sheriff Court on the Monday.",biographies-1950s-1980s.md
st-19800411-p10-a089,shetland-times,1980-04-11,10,089,"""Town pays respect to Harry Gray"": died suddenly Friday at the Methodist Schoolroom; born in Orkney; fish trade; Provost from 1962; ACF commandant; lost 1974.",biographies-1950s-1980s.md
st-19800411-p16-a129,shetland-times,1980-04-11,16,129,"Death notice: ""GRAY — Suddenly, on 4th April, 1980, in Lerwick, Harry, aged 70"", husband of Ruth Bethune Scott, 20 St Olaf Street.",biographies-1950s-1980s.md
st-19630913-p8-a131,shetland-times,1963-09-13,8,131,"Advert: bookings for ""Piano Tuning by Mr Hugh R. Williamson of Ballogie, Aberdeenshire"", 16-21 Sep.",biographies-1950s-1980s.md
st-19670421-p5-a076,shetland-times,1967-04-21,5,076,"County Council nominations 1967: ""YELL: North—Hugh R. Williamson, Bayanne House, Sellafirth""; no nomination from Fetlar, Charles Brown ""over eighty"".",biographies-1950s-1980s.md
st-19720225-p11-a124,shetland-times,1972-02-25,11,124,"Letter ""PIANO TUNER"" from Hugh R. Williamson: trained in Aberdeen, tuning in Shetland from 1957, home 1965, school pianos 1964-69.",biographies-1950s-1980s.md
st-19730420-p1-a005,shetland-times,1973-04-20,1,005,"""Eleven County Council elections"": ""Mr Hugh R Williamson, who has been a member for North Yell, is not standing"".",biographies-1950s-1980s.md
st-19910531-p4-a034,shetland-times,1991-05-31,4,034,"Death notice: Hugh Robert Williamson, Montfield Hospital, 24 May 1991, aged 81; husband of the late Ann Jane Jamieson; son of Clara and William, Westsandwick.",biographies-1950s-1980s.md
st-19610519-p1-a153,shetland-times,1961-05-19,1,153,"Thanks advert: ""COUNTY COUNCIL ELECTION AITHSTING ... ROBERT GARRICK, Bixter"".",biographies-1950s-1980s.md
st-19931022-p4-a040,shetland-times,1993-10-22,4,040,"Death notice: ""GARRICK — At Gletness Ward, Montfield, on 15th October, 1993, Robert Arthur Cumming (Robbie), aged 76"", 11 King Erik House; wife Josephine.",biographies-1950s-1980s.md
st-19800229-p14-a131,shetland-times,1980-02-29,14,131,"Funeral notice: James Pottinger, St Catherine's, Hamnavoe, from the Baptist Church Hall on Friday to Papil Churchyard.",biographies-1950s-1980s.md
st-19800307-p18-a132,shetland-times,1980-03-07,18,132,"Obituary: James Pottinger died ""last Wednesday"", aged 82; councillor 1938-55, 1955-58, 1964-73; vice-convener 1947-55; Fishermen's Association secretary 1943-75.",biographies-1950s-1980s.md
st-19670421-p4-a057,shetland-times,1967-04-21,4,057,"Leader ""ELECTION CONTRASTS"": Fetlar unable to replace ""that seasoned traveller, Mr Charles Brown""; good wishes on his retiral.",biographies-1950s-1980s.md
st-19770812-p14-a156,shetland-times,1977-08-12,14,156,"Death notice: ""BROWN — At Leith Hospital, on 28th July, 1977, Charles Brown, 9/4 West Pilton Gardens, Edinburgh. Formerly of North Dale, Fetlar"".",biographies-1950s-1980s.md
st-19600916-p4-a051,shetland-times,1960-09-16,4,051,"""New minister for Delting"": Presbytery sustains the call to Rev. William Marshall from Inch (Stranraer Presbytery); elected after preaching in August.",biographies-1950s-1980s.md
st-19630607-p3-a031,shetland-times,1963-06-07,3,031,"Presbytery lets Rev. William Marshall demit Delting from end of July: secretary-treasurer of a 600-bed mission hospital, Northern Transvaal; sails 4 Jul.",biographies-1950s-1980s.md
st-19591023-p4-a039,shetland-times,1959-10-23,4,039,"News in brief: ""Mr P. J. Henry has resigned as county councillor for the Walls district"", accepted ""on Tuesday"".",biographies-1950s-1980s.md
st-19790216-p20-a179,shetland-times,1979-02-16,20,179,"Death notice: ""HENRY — At the New Gilbert Bain Hospital on 5th February, 1979, Peter John Henry, 1 Burgh Road"", husband of the late Margaret Ann Reid, aged 78.",biographies-1950s-1980s.md
st-19610127-p2-a018,shetland-times,1961-01-27,2,018,"Obituary ""Robert Ollason"": born Hay's Dock; law office, J. & R. Groat 1907, own shop 1915; Provost 1933-36; hospitals board; OBE 1957; aged 73. OCR interleaved with a crofting article.",biographies-1950s-1980s.md
st-19610127-p4-a040,shetland-times,1961-01-27,4,040,"Death notice: ""OLLASON — Suddenly at the Gilbert Bain Hospital, on the 22nd January, 1961, ex-provost Robert Ollason, O.B.E."", husband of Joan White.",biographies-1950s-1980s.md
st-19291116-p4-a095,shetland-times,1929-11-16,4,095,"Lerwick Town Council statutory meeting ""on Friday of last week"" (8 Nov 1929): Bailie Ollason presiding.",biographies-1950s-1980s.md
st-19291116-p4-a096,shetland-times,1929-11-16,4,096,"""REPRESENTATIVES ON COUNTY COUNCIL"": ""the twelve good men and true in the Town Council"" appointed to represent the Burgh; unanimous.",biographies-1950s-1980s.md
ozc-18250228-p1-a002,orkney-zetland-chronicle,1825-02-28,1,002,"Lerwick meeting of 2 Feb 1825 on a valuation roll and the landholders' vote: ""Mr Alex. Irvine, merchant, Lerwick, for his father Mr Andrew Irvine""; Gilbert Duncan, writer, with mandates.",biographies-ltc-1818-1850.md
ozc-18250531-p8-a019,orkney-zetland-chronicle,1825-05-31,8,019,"""Married at Lerwick on 14th curt. Charles Ogilvy Esq. Junior, merchant, Lerwick"", to Martha Fea, youngest daughter of Thomas Fea, collector of customs.",biographies-ltc-1818-1850.md
ozc-18250824-p7-a019,orkney-zetland-chronicle,1825-08-24,7,019,"Birth ""at Sound, near Lerwick"" to the lady of James Yorston, Esq., purser, Royal Navy, of a daughter.",biographies-ltc-1818-1850.md
scot-18250820-p7-a046,scotsman,1825-08-20,7,046,"Birth at Sound, near Lerwick, to the lady of James Yorston, Esq., purser, royal navy, of a daughter.",biographies-ltc-1818-1850.md
cm-18270414-p3-a008,caledonian-mercury,1827-04-14,3,008,"Birth at Sound, near Lerwick, 8 Feb 1827: Mrs Yorston, lady of James Yorston, Esq., P.R.N., of a son.",biographies-ltc-1818-1850.md
pil-18130526-p3-a019,pilot-london,1813-05-26,3,019,"Naval appointments: ""J. Yorston, Purser of the Pert, to the Leven"".",biographies-ltc-1818-1850.md
ht-18490217-p5-a025,hampshire-telegraph,1849-02-17,5,025,"""At Leith, James Yorston, Esq., Paymaster and Purser, R.N. (1813.)"" He and his wife died within two days of each other, of typhus fever.",biographies-ltc-1818-1850.md
dt-18490224-p2-a014,dover-telegraph,1849-02-24,2,014,"Naval Service Obituary: Paymaster and Purser James Yorston (1813) ""died at Leith, Feb. 10, of typhus fever""; his wife two days before.",biographies-ltc-1818-1850.md
osj-18360611-p3-a019,shetland-journal,1836-06-11,3,019,"Letters for ""The originators of the Shetland Journal"" to be left with Mr W. Copland.",biographies-ltc-1818-1850.md
osj-18360611-p3-a023,shetland-journal,1836-06-11,3,023,"Shetlandmen seeking work in the merchant service in London to apply to Mr William Copland, Lerwick, for a passage (Mr Anderson's arrangement).",biographies-ltc-1818-1850.md
osj-18361112-p4-a029,shetland-journal,1836-11-12,4,029,"Peninsular Steam Navigation Company advert: ""Willcox and Anderson, Managers. Agent at Lerwick, Mr. William Copland.""",biographies-ltc-1818-1850.md
osj-18361112-p4-a030,shetland-journal,1836-11-12,4,030,"""CHEAP LINEN-DRAPERY"": William Copland lately returned from the chief markets in England and Scotland with new stock. Lerwick, October 1836.",biographies-ltc-1818-1850.md
osj-18370102-p2-a008,shetland-journal,1837-01-02,2,008,"Journal masthead: ""SOLD BY WILLIAM COPLAND, LERWICK.""",biographies-ltc-1818-1850.md
osj-18370601-p2-a021,shetland-journal,1837-06-01,2,021,"""To the starving people in Shetland"": a dozen men offered free passage to a new settlement; apply to Mr Copland or Mr Yorston, Lerwick.",biographies-ltc-1818-1850.md
osj-18370901-p3-a029,shetland-journal,1837-09-01,3,029,"Mr Anderson's arrangement for placing Shetland boys in the merchant service: apply to Mr Copland or Mr Yorston, at Lerwick.",biographies-ltc-1818-1850.md
ne-18691202-p5-a064,northern-ensign,1869-12-02,5,064,"""Death of Robert Goudie, Esq."": ironmonger, aged 71; came to Lerwick nearly sixty years ago, apprenticed to his relatives the Messrs Sinclair; Free Church from the Disruption; died Sat 20 Nov.",biographies-ltc-1818-1850.md
jogj-18691202-p2-a013,john-o-groat-journal,1869-12-02,2,013,"Same obituary of Robert Goudie: ""The son of pious parents"".",biographies-ltc-1818-1850.md
jogj-18691202-p3-a059,john-o-groat-journal,1869-12-02,3,059,"Death notice: at Lerwick, on the 20th ult., Mr Robert Goudie, ironmonger, aged 71 years.",biographies-ltc-1818-1850.md
eep-18521027-p3-a027,edinburgh-evening-post,1852-10-27,3,027,"""At Lerwick, on the 12th inst., Archibald Greig, Esq., of Sandsound, Procurator Fiscal of Zetland.""",biographies-ltc-1818-1850.md
ne-18521028-p3-a041,northern-ensign,1852-10-28,3,041,Lerwick letter: the sudden death of the public prosecutor for Shetland; ailing since an apoplectic stroke last season; three fiscals dead within six months. OCR garbled.,biographies-ltc-1818-1850.md
ic-18440612-p3-a039,inverness-courier,1844-06-12,3,039,"""At 16, Albany Street, Edinburgh, on the 5th inst, Charles Ogilvy, Esq. of Lerwick.""",biographies-ltc-1818-1850.md
jogj-18440621-p3-a015,john-o-groat-journal,1844-06-21,3,015,"Zetland letter on the death of Charles Ogilvie: taken ill in Edinburgh, body brought to Lerwick by the Sovereign; ""a general favourite with all classes""; Lerwick like a Sabbath during the funeral week.",biographies-ltc-1818-1850.md
cm-18401210-p3-a009,caledonian-mercury,1840-12-10,3,009,"""At London, on the 31st October, John Ogilvy, Esq. of Quarff, Zetland.""",biographies-ltc-1818-1850.md
ic-18450528-p4-a023,inverness-courier,1845-05-28,4,023,"Sequestration: John Ogilvy, Esq. of Quarff, ""sometime merchant and banker in Lerwick, now deceased"".",biographies-ltc-1818-1850.md
aj-18470414-p7-a034,aberdeen-journal,1847-04-14,7,034,"Creditors of John Ogilvy of Quarff, sometime merchant and banker in Lerwick, deceased, to meet in the Subscription Room, Lerwick.",biographies-ltc-1818-1850.md
gc-18440309-p3-a035,glasgow-courier,1844-03-09,3,035,"""At Lerwick, on the 19th ultimo, Gilbert Duncan, Esq., purser, R.N., and writer, Lerwick.""",biographies-ltc-1818-1850.md
eec-18280424-p2-a025,edinburgh-evening-courant,1828-04-24,2,025,"""Died, at Lerwick, on the 8th current, after a short illness, Mr Paterson, merchant there"": most active, industrious, enterprising. From the search snippet; the endpoint OCR lacks it.",biographies-ltc-1818-1850.md
pc-18280501-p2-a036,perthshire-courier,1828-05-01,2,036,"""At Lerwick, the 8th ultimo, after a short illness, Mr Gilbert Paterson, merchant there."" (OCR ""Bih"".)",biographies-ltc-1818-1850.md
news-18360717-p8-a047,the-news-london,1836-07-17,8,047,"Naval deaths: ""Mr. J. Pottinger, purser R.N., at Edinburgh"".",biographies-ltc-1818-1850.md
nmg-18361001-p14-a051,naval-military-gazette,1836-10-01,14,051,"Quarterly naval obituary: Pursers, including James Pottinger.",biographies-ltc-1818-1850.md
jogj-18540407-p3-a050,john-o-groat-journal,1854-04-07,3,050,"""At No. 40, Commercial Street, Lerwick, William Clark, Esq., merchant there, at the advanced age of 72"".",biographies-ltc-1818-1850.md
ic-18470817-p3-a047,inverness-courier,1847-08-17,3,047,"""At Lerwick, the 2d inst., Mr James Hunter, of the firm of James Hunter and Son, Merchants.""",biographies-ltc-1818-1850.md
pa-18490614-p4-a055,perthshire-advertiser,1849-06-14,4,055,"""At Annsbrae, Lerwick"", on the 4th, Mr David Nicolson, in his sixty-first year.",biographies-ltc-1818-1850.md
jogj-18521029-p3-a045,john-o-groat-journal,1852-10-29,3,045,"Death notice: ""At Commercial Street, Lerwick, on the 12th instant, Archibald Greig, Esq. Sandsound, Procurator-Fiscal for Zetland"", aged 34 (OCR ""84""). Bayanne cites this issue (S422) but has the 11th.",biographies-ltc-1818-1850.md
