person_slug,person_name,start_date,end_date,start_reason,end_reason,election_id,election,confirmed,source
andrew-grierson-i,Andrew Grierson (i),1818-04-02,1820-09-07,elected,term_expired,1,Lerwick Town Council Election April 1818,1,Confirmed Apr 2026 composition research (per-row source not recorded)
arthur-edmondston,Arthur Edmondston,1818-04-02,1820-09-07,elected,term_expired,1,Lerwick Town Council Election April 1818,1,Confirmed Apr 2026 composition research (per-row source not recorded)
george-linklater,George Linklater,1818-04-02,1818-07-05,elected,died,1,Lerwick Town Council Election April 1818,1,Confirmed Apr 2026 composition research (per-row source not recorded)
gilbert-gauden,Gilbert Gauden,1818-04-02,1820-09-07,elected,term_expired,1,Lerwick Town Council Election April 1818,1,Confirmed Apr 2026 composition research (per-row source not recorded)
james-greig,James Greig,1818-04-02,1820-09-07,elected,term_expired,1,Lerwick Town Council Election April 1818,1,Confirmed Apr 2026 composition research (per-row source not recorded)
james-mouat-i,James Mouat (i),1818-04-02,1820-09-07,elected,term_expired,1,Lerwick Town Council Election April 1818,1,Confirmed Apr 2026 composition research (per-row source not recorded)
james-scott,James Scott,1818-04-02,1820-09-07,elected,term_expired,1,Lerwick Town Council Election April 1818,1,Confirmed Apr 2026 composition research (per-row source not recorded)
john-morrison-i,John Morrison (i),1818-04-02,1820-09-07,elected,term_expired,1,Lerwick Town Council Election April 1818,1,Confirmed Apr 2026 composition research (per-row source not recorded)
robert-deans,Robert Deans,1818-04-02,1820-09-07,elected,term_expired,1,Lerwick Town Council Election April 1818,1,Confirmed Apr 2026 composition research (per-row source not recorded)
william-angus,William Angus,1818-04-02,1820-09-07,elected,term_expired,1,Lerwick Town Council Election April 1818,1,Confirmed Apr 2026 composition research (per-row source not recorded)
william-hay,William Hay,1818-04-02,1820-09-07,elected,term_expired,1,Lerwick Town Council Election April 1818,1,Confirmed Apr 2026 composition research (per-row source not recorded)
arthur-edmondston,Arthur Edmondston,1820-09-07,1823-09-04,elected,term_expired,2,Lerwick Town Council Election September 1820,1,Confirmed Apr 2026 composition research (per-row source not recorded)
balfour-spence,Balfour Spence,1820-09-07,1823-09-04,elected,term_expired,2,Lerwick Town Council Election September 1820,1,Confirmed Apr 2026 composition research (per-row source not recorded)
gilbert-duncan,Gilbert Duncan,1820-09-07,1823-09-04,elected,term_expired,2,Lerwick Town Council Election September 1820,1,Confirmed Apr 2026 composition research (per-row source not recorded)
gilbert-gauden,Gilbert Gauden,1820-09-07,1823-09-04,elected,term_expired,2,Lerwick Town Council Election September 1820,1,Confirmed Apr 2026 composition research (per-row source not recorded)
james-mouat-i,James Mouat (i),1820-09-07,1823-09-04,elected,term_expired,2,Lerwick Town Council Election September 1820,1,Confirmed Apr 2026 composition research (per-row source not recorded)
james-ogilvy,James Ogilvy,1820-09-07,1823-09-04,elected,term_expired,2,Lerwick Town Council Election September 1820,1,Confirmed Apr 2026 composition research (per-row source not recorded)
james-pottinger-i,James Pottinger (i),1820-09-07,1823-09-04,elected,term_expired,2,Lerwick Town Council Election September 1820,1,Confirmed Apr 2026 composition research (per-row source not recorded)
john-hughson,John Hughson,1820-09-07,1823-09-04,elected,term_expired,2,Lerwick Town Council Election September 1820,1,Confirmed Apr 2026 composition research (per-row source not recorded)
thomas-nicolson,Thomas Nicolson,1820-09-07,1823-09-04,elected,term_expired,2,Lerwick Town Council Election September 1820,1,Confirmed Apr 2026 composition research (per-row source not recorded)
william-angus,William Angus,1820-09-07,1823-09-04,elected,term_expired,2,Lerwick Town Council Election September 1820,1,Confirmed Apr 2026 composition research (per-row source not recorded)
william-hay,William Hay,1820-09-07,1823-09-04,elected,term_expired,2,Lerwick Town Council Election September 1820,1,Confirmed Apr 2026 composition research (per-row source not recorded)
balfour-spence,Balfour Spence,1823-09-04,1826-09-07,elected,term_expired,3,Lerwick Town Council Election September 1823,1,Confirmed Apr 2026 composition research (per-row source not recorded); election date corrected from LTC minute book
charles-ogilvy-i,Charles Ogilvy (i),1823-09-04,1826-09-07,elected,term_expired,3,Lerwick Town Council Election September 1823,1,Confirmed Apr 2026 composition research (per-row source not recorded); election date corrected from LTC minute book
gilbert-duncan,Gilbert Duncan,1823-09-04,1826-09-07,elected,term_expired,3,Lerwick Town Council Election September 1823,1,Confirmed Apr 2026 composition research (per-row source not recorded); election date corrected from LTC minute book
gilbert-gauden,Gilbert Gauden,1823-09-04,1826-09-07,elected,term_expired,3,Lerwick Town Council Election September 1823,1,Confirmed Apr 2026 composition research (per-row source not recorded); election date corrected from LTC minute book
gilbert-paterson,Gilbert Paterson,1823-09-04,1826-09-07,elected,term_expired,3,Lerwick Town Council Election September 1823,1,Confirmed Apr 2026 composition research (per-row source not recorded); election date corrected from LTC minute book
james-greig,James Greig,1823-09-04,1826-09-07,elected,term_expired,3,Lerwick Town Council Election September 1823,1,Confirmed Apr 2026 composition research (per-row source not recorded); election date corrected from LTC minute book
james-ogilvy,James Ogilvy,1823-09-04,1826-09-07,elected,term_expired,3,Lerwick Town Council Election September 1823,1,Confirmed Apr 2026 composition research (per-row source not recorded); election date corrected from LTC minute book
robert-deans,Robert Deans,1823-09-04,1826-09-07,elected,term_expired,3,Lerwick Town Council Election September 1823,1,Confirmed Apr 2026 composition research (per-row source not recorded); election date corrected from LTC minute book
william-angus,William Angus,1823-09-04,1826-09-07,elected,term_expired,3,Lerwick Town Council Election September 1823,1,Confirmed Apr 2026 composition research (per-row source not recorded); election date corrected from LTC minute book
william-hay,William Hay,1823-09-04,1826-09-07,elected,term_expired,3,Lerwick Town Council Election September 1823,1,Confirmed Apr 2026 composition research (per-row source not recorded); election date corrected from LTC minute book
william-spence,William Spence,1823-09-04,1826-09-07,elected,term_expired,3,Lerwick Town Council Election September 1823,1,Confirmed Apr 2026 composition research (per-row source not recorded); election date corrected from LTC minute book
alexander-irvine,Alexander Irvine,1826-09-07,1829-09-03,elected,term_expired,4,Lerwick Town Council Election September 1826,1,Confirmed Apr 2026 composition research (per-row source not recorded); election date corrected from LTC minute book
andrew-grierson-i,Andrew Grierson (i),1826-09-07,1829-09-03,elected,term_expired,4,Lerwick Town Council Election September 1826,1,Confirmed Apr 2026 composition research (per-row source not recorded); election date corrected from LTC minute book
charles-ogilvy-i,Charles Ogilvy (i),1826-09-07,1827-02-13,elected,died,4,Lerwick Town Council Election September 1826,1,Confirmed Apr 2026 composition research (per-row source not recorded); election date corrected from LTC minute book
charles-ogilvy-ii,Charles Ogilvy (ii),1826-09-07,1829-09-03,elected,term_expired,4,Lerwick Town Council Election September 1826,1,Confirmed Apr 2026 composition research (per-row source not recorded); election date corrected from LTC minute book
gilbert-duncan,Gilbert Duncan,1826-09-07,1829-09-03,elected,term_expired,4,Lerwick Town Council Election September 1826,1,Confirmed Apr 2026 composition research (per-row source not recorded); election date corrected from LTC minute book
gilbert-paterson,Gilbert Paterson,1826-09-07,1828-04-05,elected,died,4,Lerwick Town Council Election September 1826,1,Confirmed Apr 2026 composition research (per-row source not recorded); election date corrected from LTC minute book
james-greig,James Greig,1826-09-07,1829-09-03,elected,term_expired,4,Lerwick Town Council Election September 1826,1,Confirmed Apr 2026 composition research (per-row source not recorded); election date corrected from LTC minute book
james-mouat-i,James Mouat (i),1826-09-07,1829-09-03,elected,term_expired,4,Lerwick Town Council Election September 1826,1,Confirmed Apr 2026 composition research (per-row source not recorded); election date corrected from LTC minute book
robert-deans,Robert Deans,1826-09-07,1829-09-03,elected,term_expired,4,Lerwick Town Council Election September 1826,1,Confirmed Apr 2026 composition research (per-row source not recorded); election date corrected from LTC minute book
william-hay,William Hay,1826-09-07,1829-09-03,elected,term_expired,4,Lerwick Town Council Election September 1826,1,Confirmed Apr 2026 composition research (per-row source not recorded); election date corrected from LTC minute book
william-spence,William Spence,1826-09-07,1829-09-03,elected,term_expired,4,Lerwick Town Council Election September 1826,1,Confirmed Apr 2026 composition research (per-row source not recorded); election date corrected from LTC minute book
alexander-irvine,Alexander Irvine,1829-09-03,1830-03-03,elected,died,5,Lerwick Town Council Election September 1829,1,Confirmed Apr 2026 composition research (per-row source not recorded)
andrew-duncan-ii,Andrew Duncan (ii),1829-09-03,1832-09-06,elected,term_expired,5,Lerwick Town Council Election September 1829,1,"LTC minute book p47; Sheriff's son, not the Sheriff (corrections-from-minute-book.md)"
charles-ogilvy-ii,Charles Ogilvy (ii),1829-09-03,1832-09-06,elected,term_expired,5,Lerwick Town Council Election September 1829,1,Confirmed Apr 2026 composition research (per-row source not recorded)
gilbert-robertson,Gilbert Robertson,1829-09-03,1832-09-06,elected,term_expired,5,Lerwick Town Council Election September 1829,1,Confirmed Apr 2026 composition research (per-row source not recorded)
james-greig,James Greig,1829-09-03,1832-09-06,elected,term_expired,5,Lerwick Town Council Election September 1829,1,Confirmed Apr 2026 composition research (per-row source not recorded)
james-pottinger-i,James Pottinger (i),1829-09-03,1832-09-06,elected,term_expired,5,Lerwick Town Council Election September 1829,1,Confirmed Apr 2026 composition research (per-row source not recorded)
john-ogilvy,John Ogilvy,1829-09-03,1832-09-06,elected,term_expired,5,Lerwick Town Council Election September 1829,1,Confirmed Apr 2026 composition research (per-row source not recorded)
william-clark-i,William Clark (i),1829-09-03,1832-09-06,elected,term_expired,5,Lerwick Town Council Election September 1829,1,Confirmed Apr 2026 composition research (per-row source not recorded)
william-hay,William Hay,1829-09-03,1832-09-06,elected,term_expired,5,Lerwick Town Council Election September 1829,1,Confirmed Apr 2026 composition research (per-row source not recorded)
william-sievwright-i,William Sievwright (i),1829-09-03,1832-09-06,elected,term_expired,5,Lerwick Town Council Election September 1829,1,Confirmed Apr 2026 composition research (per-row source not recorded)
william-spence,William Spence,1829-09-03,1832-09-06,elected,term_expired,5,Lerwick Town Council Election September 1829,1,Confirmed Apr 2026 composition research (per-row source not recorded)
magnus-burns,Magnus Burns,1830-04-21,1832-09-06,by-election,term_expired,1274,Lerwick Town Council By-Election April 1830,1,LTC minute book p53-54: elected 21 Apr 1830 in place of the late Mr Irvine
charles-ogilvy-ii,Charles Ogilvy (ii),1832-09-06,1835-09-03,elected,term_expired,6,Lerwick Town Council Election September 1832,1,Confirmed Apr 2026 composition research (per-row source not recorded)
gilbert-duncan,Gilbert Duncan,1832-09-06,1835-09-03,elected,term_expired,6,Lerwick Town Council Election September 1832,1,Confirmed Apr 2026 composition research (per-row source not recorded)
gilbert-robertson,Gilbert Robertson,1832-09-06,1835-09-03,elected,term_expired,6,Lerwick Town Council Election September 1832,1,Confirmed Apr 2026 composition research (per-row source not recorded)
isaac-cowie,Isaac Cowie,1832-09-06,1835-09-03,elected,term_expired,6,Lerwick Town Council Election September 1832,1,Confirmed Apr 2026 composition research (per-row source not recorded)
james-greig,James Greig,1832-09-06,1835-09-03,elected,term_expired,6,Lerwick Town Council Election September 1832,1,Confirmed Apr 2026 composition research (per-row source not recorded)
james-yorston,James Yorston,1832-09-06,1835-09-03,elected,term_expired,6,Lerwick Town Council Election September 1832,1,Confirmed Apr 2026 composition research (per-row source not recorded)
john-ogilvy,John Ogilvy,1832-09-06,1835-09-03,elected,term_expired,6,Lerwick Town Council Election September 1832,1,Confirmed Apr 2026 composition research (per-row source not recorded)
william-clark-i,William Clark (i),1832-09-06,1835-09-03,elected,term_expired,6,Lerwick Town Council Election September 1832,1,Confirmed Apr 2026 composition research (per-row source not recorded)
william-hay,William Hay,1832-09-06,1835-09-03,elected,term_expired,6,Lerwick Town Council Election September 1832,1,Confirmed Apr 2026 composition research (per-row source not recorded)
william-sievwright-i,William Sievwright (i),1832-09-06,1835-09-03,elected,term_expired,6,Lerwick Town Council Election September 1832,1,Confirmed Apr 2026 composition research (per-row source not recorded)
william-spence,William Spence,1832-09-06,1835-09-03,elected,term_expired,6,Lerwick Town Council Election September 1832,1,Confirmed Apr 2026 composition research (per-row source not recorded)
charles-ogilvy-ii,Charles Ogilvy (ii),1835-09-03,1838-09-06,elected,term_expired,7,Lerwick Town Council Election September 1835,1,Confirmed Apr 2026 composition research (per-row source not recorded)
david-leask,David Leask,1835-09-03,1838-09-06,elected,term_expired,7,Lerwick Town Council Election September 1835,1,Confirmed Apr 2026 composition research (per-row source not recorded)
gilbert-duncan,Gilbert Duncan,1835-09-03,1838-09-06,elected,term_expired,7,Lerwick Town Council Election September 1835,1,Confirmed Apr 2026 composition research (per-row source not recorded)
gilbert-tait,Gilbert Tait,1835-09-03,1838-09-06,elected,term_expired,7,Lerwick Town Council Election September 1835,1,Confirmed Apr 2026 composition research (per-row source not recorded)
james-hunter-i,James Hunter (i),1835-09-03,1838-09-06,elected,term_expired,7,Lerwick Town Council Election September 1835,1,Confirmed Apr 2026 composition research (per-row source not recorded)
james-yorston,James Yorston,1835-09-03,1838-09-06,elected,term_expired,7,Lerwick Town Council Election September 1835,1,Confirmed Apr 2026 composition research (per-row source not recorded)
joseph-leask,Joseph Leask,1835-09-03,1838-09-06,elected,term_expired,7,Lerwick Town Council Election September 1835,1,Confirmed Apr 2026 composition research (per-row source not recorded)
william-clark-i,William Clark (i),1835-09-03,1838-09-06,elected,term_expired,7,Lerwick Town Council Election September 1835,1,Confirmed Apr 2026 composition research (per-row source not recorded)
william-copland,William Copland,1835-09-03,1838-09-06,elected,term_expired,7,Lerwick Town Council Election September 1835,1,Confirmed Apr 2026 composition research (per-row source not recorded)
william-hay,William Hay,1835-09-03,1838-09-06,elected,term_expired,7,Lerwick Town Council Election September 1835,1,Confirmed Apr 2026 composition research (per-row source not recorded)
william-sievwright-i,William Sievwright (i),1835-09-03,1838-09-06,elected,term_expired,7,Lerwick Town Council Election September 1835,1,Confirmed Apr 2026 composition research (per-row source not recorded)
charles-ogilvy-ii,Charles Ogilvy (ii),1838-09-06,1841-09-02,elected,term_expired,8,Lerwick Town Council Election September 1838,1,Confirmed Apr 2026 composition research (per-row source not recorded)
david-leask,David Leask,1838-09-06,1841-09-02,elected,term_expired,8,Lerwick Town Council Election September 1838,1,Confirmed Apr 2026 composition research (per-row source not recorded)
david-nicolson,David Nicolson,1838-09-06,1841-09-02,elected,term_expired,8,Lerwick Town Council Election September 1838,1,Confirmed Apr 2026 composition research (per-row source not recorded)
gilbert-duncan,Gilbert Duncan,1838-09-06,1841-09-02,elected,term_expired,8,Lerwick Town Council Election September 1838,1,Confirmed Apr 2026 composition research (per-row source not recorded)
gilbert-tait,Gilbert Tait,1838-09-06,1841-09-02,elected,term_expired,8,Lerwick Town Council Election September 1838,1,Confirmed Apr 2026 composition research (per-row source not recorded)
james-hunter-i,James Hunter (i),1838-09-06,1841-09-02,elected,term_expired,8,Lerwick Town Council Election September 1838,1,Confirmed Apr 2026 composition research (per-row source not recorded)
joseph-leask,Joseph Leask,1838-09-06,1841-09-02,elected,term_expired,8,Lerwick Town Council Election September 1838,1,Confirmed Apr 2026 composition research (per-row source not recorded)
robert-goudie,Robert Goudie,1838-09-06,1841-09-02,elected,term_expired,8,Lerwick Town Council Election September 1838,1,Confirmed Apr 2026 composition research (per-row source not recorded)
william-clark-i,William Clark (i),1838-09-06,1841-09-02,elected,term_expired,8,Lerwick Town Council Election September 1838,1,Confirmed Apr 2026 composition research (per-row source not recorded)
william-hay,William Hay,1838-09-06,1841-09-02,elected,term_expired,8,Lerwick Town Council Election September 1838,1,Confirmed Apr 2026 composition research (per-row source not recorded)
william-sievwright-i,William Sievwright (i),1838-09-06,1841-09-02,elected,term_expired,8,Lerwick Town Council Election September 1838,1,Confirmed Apr 2026 composition research (per-row source not recorded)
charles-ogilvy-ii,Charles Ogilvy (ii),1841-09-02,1844-06-05,elected,died,9,Lerwick Town Council Election September 1841,1,Confirmed Apr 2026 composition research (per-row source not recorded)
david-nicolson,David Nicolson,1841-09-02,1844-09-05,elected,term_expired,9,Lerwick Town Council Election September 1841,1,Confirmed Apr 2026 composition research (per-row source not recorded); election date corrected from LTC minute book
gilbert-duncan,Gilbert Duncan,1841-09-02,1844-02-19,elected,died,9,Lerwick Town Council Election September 1841,1,Confirmed Apr 2026 composition research (per-row source not recorded)
gilbert-tait,Gilbert Tait,1841-09-02,1844-09-05,elected,term_expired,9,Lerwick Town Council Election September 1841,1,Confirmed Apr 2026 composition research (per-row source not recorded); election date corrected from LTC minute book
james-hunter-i,James Hunter (i),1841-09-02,1844-09-05,elected,term_expired,9,Lerwick Town Council Election September 1841,1,Confirmed Apr 2026 composition research (per-row source not recorded); election date corrected from LTC minute book
james-mouat-ii,James Mouat (ii),1841-09-02,1844-09-05,elected,term_expired,9,Lerwick Town Council Election September 1841,1,Confirmed Apr 2026 composition research (per-row source not recorded); election date corrected from LTC minute book
joseph-leask,Joseph Leask,1841-09-02,1844-09-05,elected,term_expired,9,Lerwick Town Council Election September 1841,1,Confirmed Apr 2026 composition research (per-row source not recorded); election date corrected from LTC minute book
robert-goudie,Robert Goudie,1841-09-02,1844-09-05,elected,term_expired,9,Lerwick Town Council Election September 1841,1,Confirmed Apr 2026 composition research (per-row source not recorded); election date corrected from LTC minute book
william-clark-i,William Clark (i),1841-09-02,1844-09-05,elected,term_expired,9,Lerwick Town Council Election September 1841,1,Confirmed Apr 2026 composition research (per-row source not recorded); election date corrected from LTC minute book
william-hay,William Hay,1841-09-02,1844-09-05,elected,term_expired,9,Lerwick Town Council Election September 1841,1,Confirmed Apr 2026 composition research (per-row source not recorded); election date corrected from LTC minute book
william-sievwright-i,William Sievwright (i),1841-09-02,1844-09-05,elected,term_expired,9,Lerwick Town Council Election September 1841,1,Confirmed Apr 2026 composition research (per-row source not recorded); election date corrected from LTC minute book
alexander-nicol,Alexander Nicol,1844-09-05,1847-09-02,elected,term_expired,11,Lerwick Town Council Election September 1844,1,Confirmed Apr 2026 composition research (per-row source not recorded); election date corrected from LTC minute book
archibald-greig,Archibald Greig,1844-09-05,1847-09-02,elected,term_expired,11,Lerwick Town Council Election September 1844,1,Confirmed Apr 2026 composition research (per-row source not recorded); election date corrected from LTC minute book
david-burns,David Burns,1844-09-05,1847-09-02,elected,term_expired,11,Lerwick Town Council Election September 1844,1,Confirmed Apr 2026 composition research (per-row source not recorded); election date corrected from LTC minute book
david-nicolson,David Nicolson,1844-09-05,1847-09-02,elected,term_expired,11,Lerwick Town Council Election September 1844,1,Confirmed Apr 2026 composition research (per-row source not recorded); election date corrected from LTC minute book
gilbert-tait,Gilbert Tait,1844-09-05,1847-09-02,elected,term_expired,11,Lerwick Town Council Election September 1844,1,Confirmed Apr 2026 composition research (per-row source not recorded); election date corrected from LTC minute book
james-hunter-i,James Hunter (i),1844-09-05,1847-08-02,elected,died,11,Lerwick Town Council Election September 1844,1,Confirmed Apr 2026 composition research (per-row source not recorded); election date corrected from LTC minute book
james-mouat-ii,James Mouat (ii),1844-09-05,1847-09-02,elected,term_expired,11,Lerwick Town Council Election September 1844,1,Confirmed Apr 2026 composition research (per-row source not recorded); election date corrected from LTC minute book
joseph-leask,Joseph Leask,1844-09-05,1847-09-02,elected,term_expired,11,Lerwick Town Council Election September 1844,1,Confirmed Apr 2026 composition research (per-row source not recorded); election date corrected from LTC minute book
ross-smith,Ross Smith,1844-09-05,1847-09-02,elected,term_expired,11,Lerwick Town Council Election September 1844,1,Confirmed Apr 2026 composition research (per-row source not recorded); election date corrected from LTC minute book
william-sievwright-i,William Sievwright (i),1844-09-05,1847-09-02,elected,term_expired,11,Lerwick Town Council Election September 1844,1,Confirmed Apr 2026 composition research (per-row source not recorded); election date corrected from LTC minute book
alexander-nicol,Alexander Nicol,1847-09-02,1848-03-22,elected,died,12,Lerwick Town Council Election September 1847,1,Confirmed Apr 2026 composition research (per-row source not recorded)
archibald-greig,Archibald Greig,1847-09-02,1850-09-06,elected,term_expired,12,Lerwick Town Council Election September 1847,1,Confirmed Apr 2026 composition research (per-row source not recorded)
david-burns,David Burns,1847-09-02,1848-03-29,elected,died,12,Lerwick Town Council Election September 1847,1,Confirmed Apr 2026 composition research (per-row source not recorded)
david-nicolson,David Nicolson,1847-09-02,1849-06-04,elected,died,12,Lerwick Town Council Election September 1847,1,Confirmed Apr 2026 composition research (per-row source not recorded)
gilbert-tait,Gilbert Tait,1847-09-02,1850-09-06,elected,term_expired,12,Lerwick Town Council Election September 1847,1,Confirmed Apr 2026 composition research (per-row source not recorded)
james-mouat-ii,James Mouat (ii),1847-09-02,1850-09-06,elected,term_expired,12,Lerwick Town Council Election September 1847,1,Confirmed Apr 2026 composition research (per-row source not recorded)
john-cowie,John Cowie,1847-09-02,1850-09-06,elected,term_expired,12,Lerwick Town Council Election September 1847,1,Confirmed Apr 2026 composition research (per-row source not recorded)
joseph-leask,Joseph Leask,1847-09-02,1850-09-06,elected,term_expired,12,Lerwick Town Council Election September 1847,1,Confirmed Apr 2026 composition research (per-row source not recorded)
robert-goudie,Robert Goudie,1847-09-02,1850-09-06,elected,term_expired,12,Lerwick Town Council Election September 1847,1,Confirmed Apr 2026 composition research (per-row source not recorded)
ross-smith,Ross Smith,1847-09-02,1850-09-06,elected,term_expired,12,Lerwick Town Council Election September 1847,1,Confirmed Apr 2026 composition research (per-row source not recorded)
william-sievwright-i,William Sievwright (i),1847-09-02,1850-09-06,elected,term_expired,12,Lerwick Town Council Election September 1847,1,Confirmed Apr 2026 composition research (per-row source not recorded)
archibald-greig,Archibald Greig,1850-09-06,1852-10-11,elected,died,13,Lerwick Town Council Election September 1850,1,Confirmed Apr 2026 composition research (per-row source not recorded)
charles-duncan,Charles Duncan,1850-09-06,1853-09-01,elected,term_expired,13,Lerwick Town Council Election September 1850,1,Confirmed Apr 2026 composition research (per-row source not recorded)
gilbert-tait,Gilbert Tait,1850-09-06,1853-09-01,elected,term_expired,13,Lerwick Town Council Election September 1850,1,Confirmed Apr 2026 composition research (per-row source not recorded)
james-mouat-ii,James Mouat (ii),1850-09-06,1853-02-28,elected,died,13,Lerwick Town Council Election September 1850,1,Confirmed Apr 2026 composition research (per-row source not recorded)
john-cowie,John Cowie,1850-09-06,1853-09-01,elected,term_expired,13,Lerwick Town Council Election September 1850,1,Confirmed Apr 2026 composition research (per-row source not recorded)
john-robertson-i,John Robertson (i),1850-09-06,1853-09-01,elected,term_expired,13,Lerwick Town Council Election September 1850,1,Confirmed Apr 2026 composition research (per-row source not recorded)
peter-williamson,Peter Williamson,1850-09-06,1853-09-01,elected,term_expired,13,Lerwick Town Council Election September 1850,1,Confirmed Apr 2026 composition research (per-row source not recorded)
robert-hicks,Robert Hicks,1850-09-06,1853-09-01,elected,term_expired,13,Lerwick Town Council Election September 1850,1,Confirmed Apr 2026 composition research (per-row source not recorded)
samuel-hunter,Samuel Hunter,1850-09-06,1853-09-01,elected,term_expired,13,Lerwick Town Council Election September 1850,1,Confirmed Apr 2026 composition research (per-row source not recorded)
thomas-gilbertson,Thomas Gilbertson,1850-09-06,1853-09-01,elected,term_expired,13,Lerwick Town Council Election September 1850,1,Confirmed Apr 2026 composition research (per-row source not recorded)
william-sievwright-i,William Sievwright (i),1850-09-06,1853-09-01,elected,term_expired,13,Lerwick Town Council Election September 1850,1,Confirmed Apr 2026 composition research (per-row source not recorded)
charles-duncan,Charles Duncan,1853-09-01,1856-09-04,elected,term_expired,14,Lerwick Town Council Election September 1853,1,Confirmed Apr 2026 composition research (per-row source not recorded)
george-laurence,George Laurence,1853-09-01,1856-09-04,elected,term_expired,14,Lerwick Town Council Election September 1853,1,Confirmed Apr 2026 composition research (per-row source not recorded)
gilbert-tait,Gilbert Tait,1853-09-01,1856-09-04,elected,term_expired,14,Lerwick Town Council Election September 1853,1,Confirmed Apr 2026 composition research (per-row source not recorded)
john-cowie,John Cowie,1853-09-01,1856-09-04,elected,term_expired,14,Lerwick Town Council Election September 1853,1,Confirmed Apr 2026 composition research (per-row source not recorded)
john-robertson-i,John Robertson (i),1853-09-01,1856-09-04,elected,term_expired,14,Lerwick Town Council Election September 1853,1,Confirmed Apr 2026 composition research (per-row source not recorded)
laurence-laurenson-i,Laurence Laurenson (i),1853-09-01,1856-09-04,elected,term_expired,14,Lerwick Town Council Election September 1853,1,Confirmed Apr 2026 composition research (per-row source not recorded)
peter-williamson,Peter Williamson,1853-09-01,1856-09-04,elected,term_expired,14,Lerwick Town Council Election September 1853,1,Confirmed Apr 2026 composition research (per-row source not recorded)
robert-linklater,Robert Linklater,1853-09-01,1856-09-04,elected,term_expired,14,Lerwick Town Council Election September 1853,1,Confirmed Apr 2026 composition research (per-row source not recorded)
samuel-hunter,Samuel Hunter,1853-09-01,1856-09-04,elected,term_expired,14,Lerwick Town Council Election September 1853,1,Confirmed Apr 2026 composition research (per-row source not recorded)
william-merrylees,William Merrylees,1853-09-01,1856-09-04,elected,term_expired,14,Lerwick Town Council Election September 1853,1,Confirmed Apr 2026 composition research (per-row source not recorded)
william-sievwright-i,William Sievwright (i),1853-09-01,1856-09-04,elected,term_expired,14,Lerwick Town Council Election September 1853,1,Confirmed Apr 2026 composition research (per-row source not recorded)
charles-duncan,Charles Duncan,1856-09-04,1859-09-01,elected,term_expired,15,Lerwick Town Council Election September 1856,1,Confirmed Apr 2026 composition research (per-row source not recorded)
george-hay,George Hay,1856-09-04,1859-09-01,elected,term_expired,15,Lerwick Town Council Election September 1856,1,Confirmed Apr 2026 composition research (per-row source not recorded)
george-tait,George Tait,1856-09-04,1859-09-01,elected,term_expired,15,Lerwick Town Council Election September 1856,1,Confirmed Apr 2026 composition research (per-row source not recorded)
gilbert-tait,Gilbert Tait,1856-09-04,1859-09-01,elected,term_expired,15,Lerwick Town Council Election September 1856,1,Confirmed Apr 2026 composition research (per-row source not recorded)
john-cowie,John Cowie,1856-09-04,1859-09-01,elected,term_expired,15,Lerwick Town Council Election September 1856,1,Confirmed Apr 2026 composition research (per-row source not recorded)
john-robertson-i,John Robertson (i),1856-09-04,1859-09-01,elected,term_expired,15,Lerwick Town Council Election September 1856,1,Confirmed Apr 2026 composition research (per-row source not recorded)
peter-williamson,Peter Williamson,1856-09-04,1858-03-25,elected,died,15,Lerwick Town Council Election September 1856,1,Confirmed Apr 2026 composition research (per-row source not recorded)
robert-hicks,Robert Hicks,1856-09-04,1859-09-01,elected,term_expired,15,Lerwick Town Council Election September 1856,1,Confirmed Apr 2026 composition research (per-row source not recorded)
robert-linklater,Robert Linklater,1856-09-04,1859-09-01,elected,term_expired,15,Lerwick Town Council Election September 1856,1,Confirmed Apr 2026 composition research (per-row source not recorded)
samuel-hunter,Samuel Hunter,1856-09-04,1858-02-02,elected,died,15,Lerwick Town Council Election September 1856,1,Confirmed Apr 2026 composition research (per-row source not recorded)
william-merrylees,William Merrylees,1856-09-04,1859-06-06,elected,died,15,Lerwick Town Council Election September 1856,1,Confirmed Apr 2026 composition research (per-row source not recorded)
charles-duncan,Charles Duncan,1859-09-01,1862-09-04,elected,term_expired,16,Lerwick Town Council Election September 1859,1,Confirmed Apr 2026 composition research (per-row source not recorded)
george-hay,George Hay,1859-09-01,1862-09-04,elected,term_expired,16,Lerwick Town Council Election September 1859,1,Confirmed Apr 2026 composition research (per-row source not recorded)
george-tait,George Tait,1859-09-01,1862-09-04,elected,term_expired,16,Lerwick Town Council Election September 1859,1,Confirmed Apr 2026 composition research (per-row source not recorded)
gilbert-tait,Gilbert Tait,1859-09-01,1860-05-03,elected,died,16,Lerwick Town Council Election September 1859,1,Confirmed Apr 2026 composition research (per-row source not recorded)
john-cowie,John Cowie,1859-09-01,1862-09-04,elected,term_expired,16,Lerwick Town Council Election September 1859,1,Confirmed Apr 2026 composition research (per-row source not recorded)
john-robertson-i,John Robertson (i),1859-09-01,1862-09-04,elected,term_expired,16,Lerwick Town Council Election September 1859,1,Confirmed Apr 2026 composition research (per-row source not recorded)
john-robertson-ii,John Robertson (ii),1859-09-01,1862-09-04,elected,term_expired,16,Lerwick Town Council Election September 1859,1,Confirmed Apr 2026 composition research (per-row source not recorded)
laurence-laurenson-i,Laurence Laurenson (i),1859-09-01,1862-09-04,elected,term_expired,16,Lerwick Town Council Election September 1859,1,Confirmed Apr 2026 composition research (per-row source not recorded)
peter-garriock-i,Peter Garriock (i),1859-09-01,1862-09-04,elected,term_expired,16,Lerwick Town Council Election September 1859,1,Confirmed Apr 2026 composition research (per-row source not recorded)
robert-hicks,Robert Hicks,1859-09-01,1862-09-04,elected,term_expired,16,Lerwick Town Council Election September 1859,1,Confirmed Apr 2026 composition research (per-row source not recorded)
robert-linklater,Robert Linklater,1859-09-01,1862-09-04,elected,term_expired,16,Lerwick Town Council Election September 1859,1,Confirmed Apr 2026 composition research (per-row source not recorded)
andrew-grierson-ii,Andrew Grierson (ii),1862-09-04,1865-09-07,elected,term_expired,17,Lerwick Town Council Election September 1862,1,Confirmed Apr 2026 composition research (per-row source not recorded)
arthur-laurenson,Arthur Laurenson,1862-09-04,1865-09-07,elected,term_expired,17,Lerwick Town Council Election September 1862,1,Confirmed Apr 2026 composition research (per-row source not recorded)
john-robertson-i,John Robertson (i),1862-09-04,1865-09-07,elected,term_expired,17,Lerwick Town Council Election September 1862,1,Confirmed Apr 2026 composition research (per-row source not recorded)
john-robertson-ii,John Robertson (ii),1862-09-04,1865-09-07,elected,term_expired,17,Lerwick Town Council Election September 1862,1,Confirmed Apr 2026 composition research (per-row source not recorded)
joseph-leask,Joseph Leask,1862-09-04,1865-09-07,elected,term_expired,17,Lerwick Town Council Election September 1862,1,Confirmed Apr 2026 composition research (per-row source not recorded)
peter-garriock-i,Peter Garriock (i),1862-09-04,1865-09-07,elected,term_expired,17,Lerwick Town Council Election September 1862,1,Confirmed Apr 2026 composition research (per-row source not recorded)
robert-goudie,Robert Goudie,1862-09-04,1865-09-07,elected,term_expired,17,Lerwick Town Council Election September 1862,1,Confirmed Apr 2026 composition research (per-row source not recorded)
robert-hicks,Robert Hicks,1862-09-04,1863-02-13,elected,died,17,Lerwick Town Council Election September 1862,1,Confirmed Apr 2026 composition research (per-row source not recorded)
robert-linklater,Robert Linklater,1862-09-04,1865-09-07,elected,term_expired,17,Lerwick Town Council Election September 1862,1,Confirmed Apr 2026 composition research (per-row source not recorded)
robert-sinclair,Robert Sinclair,1862-09-04,1865-09-07,elected,term_expired,17,Lerwick Town Council Election September 1862,1,Confirmed Apr 2026 composition research (per-row source not recorded)
thomas-gilbertson,Thomas Gilbertson,1862-09-04,1865-09-07,elected,term_expired,17,Lerwick Town Council Election September 1862,1,Confirmed Apr 2026 composition research (per-row source not recorded)
arthur-laurenson,Arthur Laurenson,1865-09-07,1868-09-03,elected,term_expired,18,Lerwick Town Council Election September 1865,1,Confirmed Apr 2026 composition research (per-row source not recorded)
charles-duncan,Charles Duncan,1865-09-07,1868-09-03,elected,term_expired,18,Lerwick Town Council Election September 1865,1,Confirmed Apr 2026 composition research (per-row source not recorded)
george-smith-i,George Smith (i),1865-09-07,1868-09-03,elected,term_expired,18,Lerwick Town Council Election September 1865,1,Confirmed Apr 2026 composition research (per-row source not recorded)
james-dalziel,James Dalziel,1865-09-07,1868-09-03,elected,term_expired,18,Lerwick Town Council Election September 1865,1,Confirmed Apr 2026 composition research (per-row source not recorded)
john-harrison-i,John Harrison (i),1865-09-07,1868-09-03,elected,term_expired,18,Lerwick Town Council Election September 1865,1,Confirmed Apr 2026 composition research (per-row source not recorded)
john-robertson-i,John Robertson (i),1865-09-07,1868-09-03,elected,term_expired,18,Lerwick Town Council Election September 1865,1,Confirmed Apr 2026 composition research (per-row source not recorded)
john-robertson-ii,John Robertson (ii),1865-09-07,1868-09-03,elected,term_expired,18,Lerwick Town Council Election September 1865,1,Confirmed Apr 2026 composition research (per-row source not recorded)
peter-garriock-i,Peter Garriock (i),1865-09-07,1868-09-03,elected,term_expired,18,Lerwick Town Council Election September 1865,1,Confirmed Apr 2026 composition research (per-row source not recorded)
robert-goudie,Robert Goudie,1865-09-07,1868-09-03,elected,term_expired,18,Lerwick Town Council Election September 1865,1,Confirmed Apr 2026 composition research (per-row source not recorded)
robert-linklater,Robert Linklater,1865-09-07,1868-09-03,elected,term_expired,18,Lerwick Town Council Election September 1865,1,Confirmed Apr 2026 composition research (per-row source not recorded)
ross-smith,Ross Smith,1865-09-07,1868-09-03,elected,term_expired,18,Lerwick Town Council Election September 1865,1,Confirmed Apr 2026 composition research (per-row source not recorded)
arthur-laurenson,Arthur Laurenson,1868-09-03,1871-09-07,elected,term_expired,19,Lerwick Town Council Election September 1868,1,Confirmed Apr 2026 composition research (per-row source not recorded)
charles-duncan,Charles Duncan,1868-09-03,1871-09-07,elected,term_expired,19,Lerwick Town Council Election September 1868,1,Confirmed Apr 2026 composition research (per-row source not recorded)
charles-robertson,Charles Robertson,1868-09-03,1871-09-07,elected,term_expired,19,Lerwick Town Council Election September 1868,1,Confirmed Apr 2026 composition research (per-row source not recorded)
george-smith-i,George Smith (i),1868-09-03,1871-09-07,elected,term_expired,19,Lerwick Town Council Election September 1868,1,Confirmed Apr 2026 composition research (per-row source not recorded)
james-dalziel,James Dalziel,1868-09-03,1871-09-07,elected,term_expired,19,Lerwick Town Council Election September 1868,1,Confirmed Apr 2026 composition research (per-row source not recorded)
john-harrison-i,John Harrison (i),1868-09-03,1871-09-07,elected,term_expired,19,Lerwick Town Council Election September 1868,1,Confirmed Apr 2026 composition research (per-row source not recorded)
john-robertson-i,John Robertson (i),1868-09-03,1871-09-07,elected,term_expired,19,Lerwick Town Council Election September 1868,1,Confirmed Apr 2026 composition research (per-row source not recorded)
john-robertson-ii,John Robertson (ii),1868-09-03,1871-09-07,elected,term_expired,19,Lerwick Town Council Election September 1868,1,Confirmed Apr 2026 composition research (per-row source not recorded)
peter-garriock-i,Peter Garriock (i),1868-09-03,1871-09-07,elected,term_expired,19,Lerwick Town Council Election September 1868,1,Confirmed Apr 2026 composition research (per-row source not recorded)
robert-linklater,Robert Linklater,1868-09-03,1871-09-07,elected,term_expired,19,Lerwick Town Council Election September 1868,1,Confirmed Apr 2026 composition research (per-row source not recorded)
ross-smith,Ross Smith,1868-09-03,1871-09-07,elected,term_expired,19,Lerwick Town Council Election September 1868,1,Confirmed Apr 2026 composition research (per-row source not recorded)
arthur-laurenson,Arthur Laurenson,1871-09-07,1874-09-03,elected,term_expired,20,Lerwick Town Council Election September 1871,1,Confirmed Apr 2026 composition research (per-row source not recorded)
charles-duncan,Charles Duncan,1871-09-07,1874-09-03,elected,term_expired,20,Lerwick Town Council Election September 1871,1,Confirmed Apr 2026 composition research (per-row source not recorded)
charles-merrylees,Charles Merrylees,1871-09-07,1874-09-03,elected,term_expired,20,Lerwick Town Council Election September 1871,1,Confirmed Apr 2026 composition research (per-row source not recorded)
charles-robertson,Charles Robertson,1871-09-07,1874-09-03,elected,term_expired,20,Lerwick Town Council Election September 1871,1,Confirmed Apr 2026 composition research (per-row source not recorded)
john-robertson-i,John Robertson (i),1871-09-07,1874-09-03,elected,term_expired,20,Lerwick Town Council Election September 1871,1,Confirmed Apr 2026 composition research (per-row source not recorded)
john-robertson-ii,John Robertson (ii),1871-09-07,1874-09-03,elected,term_expired,20,Lerwick Town Council Election September 1871,1,Confirmed Apr 2026 composition research (per-row source not recorded)
john-tait,John Tait,1871-09-07,1874-09-03,elected,term_expired,20,Lerwick Town Council Election September 1871,1,Confirmed Apr 2026 composition research (per-row source not recorded)
laurence-stove,Laurence Stove,1871-09-07,1874-09-03,elected,term_expired,20,Lerwick Town Council Election September 1871,1,Confirmed Apr 2026 composition research (per-row source not recorded)
robert-anderson-ii,Robert Anderson (ii),1871-09-07,1874-09-03,elected,term_expired,20,Lerwick Town Council Election September 1871,1,Confirmed Apr 2026 composition research (per-row source not recorded)
robert-linklater,Robert Linklater,1871-09-07,1874-04-18,elected,died,20,Lerwick Town Council Election September 1871,1,Confirmed Apr 2026 composition research (per-row source not recorded)
robert-stout-i,Robert Stout (i),1871-09-07,1874-09-03,elected,term_expired,20,Lerwick Town Council Election September 1871,1,Confirmed Apr 2026 composition research (per-row source not recorded)
alfred-stove,Alfred Stove,1874-09-03,1876-11-07,elected,term_expired,22,Lerwick Town Council Election September 1874,1,"LTC minute book p258: first group's election invalid, second group took office"
andrew-jamieson,Andrew Jamieson,1874-09-03,1876-11-07,elected,term_expired,22,Lerwick Town Council Election September 1874,1,"LTC minute book p258: first group's election invalid, second group took office"
christopher-sandison,Christopher Sandison,1874-09-03,1876-11-07,elected,term_expired,22,Lerwick Town Council Election September 1874,1,"LTC minute book p258: first group's election invalid, second group took office"
george-tait,George Tait,1874-09-03,1876-11-07,elected,term_expired,22,Lerwick Town Council Election September 1874,1,"LTC minute book p258: first group's election invalid, second group took office"
john-leisk,John Leisk,1874-09-03,1876-11-07,elected,term_expired,22,Lerwick Town Council Election September 1874,1,"LTC minute book p258: first group's election invalid, second group took office"
john-leslie-i,John Leslie (i),1874-09-03,1876-05-05,elected,died,22,Lerwick Town Council Election September 1874,1,"LTC minute book p258: first group's election invalid, second group took office"
laurence-stove,Laurence Stove,1874-09-03,1876-11-07,elected,term_expired,22,Lerwick Town Council Election September 1874,1,"LTC minute book p258: first group's election invalid, second group took office"
robert-stout-i,Robert Stout (i),1874-09-03,1876-11-07,elected,term_expired,22,Lerwick Town Council Election September 1874,1,"LTC minute book p258: first group's election invalid, second group took office"
william-duncan-i,William Duncan (i),1874-09-03,1876-11-07,elected,term_expired,22,Lerwick Town Council Election September 1874,1,"LTC minute book p258: first group's election invalid, second group took office"
william-robertson,William Robertson,1874-09-03,1876-11-07,elected,term_expired,22,Lerwick Town Council Election September 1874,1,"LTC minute book p258: first group's election invalid, second group took office"
william-sievwright-ii,William Sievwright (ii),1874-09-03,1876-11-07,elected,term_expired,22,Lerwick Town Council Election September 1874,1,"LTC minute book p258: first group's election invalid, second group took office"
andrew-jamieson,Andrew Jamieson,1876-11-07,1877-11-06,elected,term_expired,23,Lerwick Town Council Election November 1876,1,Confirmed Apr 2026 composition research (per-row source not recorded)
arthur-hay,Arthur Hay,1876-11-07,1878-11-05,elected,term_expired,23,Lerwick Town Council Election November 1876,1,Confirmed Apr 2026 composition research (per-row source not recorded)
arthur-laurenson,Arthur Laurenson,1876-11-07,1879-11-04,elected,term_expired,23,Lerwick Town Council Election November 1876,1,Confirmed Apr 2026 composition research (per-row source not recorded)
george-hay,George Hay,1876-11-07,1879-11-04,elected,term_expired,23,Lerwick Town Council Election November 1876,1,Confirmed Apr 2026 composition research (per-row source not recorded)
james-hunter-ii,James Hunter (ii),1876-11-07,1879-11-04,elected,term_expired,23,Lerwick Town Council Election November 1876,1,Confirmed Apr 2026 composition research (per-row source not recorded)
john-leisk,John Leisk,1876-11-07,1877-11-06,elected,term_expired,23,Lerwick Town Council Election November 1876,1,Confirmed Apr 2026 composition research (per-row source not recorded)
john-robertson-i,John Robertson (i),1876-11-07,1878-11-05,elected,term_expired,23,Lerwick Town Council Election November 1876,1,Confirmed Apr 2026 composition research (per-row source not recorded)
laurence-stove,Laurence Stove,1876-11-07,1877-11-06,elected,term_expired,23,Lerwick Town Council Election November 1876,1,Confirmed Apr 2026 composition research (per-row source not recorded)
robert-sinclair,Robert Sinclair,1876-11-07,1878-11-05,elected,term_expired,23,Lerwick Town Council Election November 1876,1,Confirmed Apr 2026 composition research (per-row source not recorded)
thomas-cameron,Thomas Cameron,1876-11-07,1879-11-04,elected,term_expired,23,Lerwick Town Council Election November 1876,1,Confirmed Apr 2026 composition research (per-row source not recorded)
william-robertson,William Robertson,1876-11-07,1877-11-06,elected,term_expired,23,Lerwick Town Council Election November 1876,1,Confirmed Apr 2026 composition research (per-row source not recorded)
william-sievwright-ii,William Sievwright (ii),1876-11-07,1878-01-24,elected,replaced,23,Lerwick Town Council Election November 1876,1,Confirmed Apr 2026 composition research (per-row source not recorded)
andrew-jamieson,Andrew Jamieson,1877-11-06,1880-11-02,elected,term_expired,24,Lerwick Town Council Election November 1877,1,Confirmed Apr 2026 composition research (per-row source not recorded)
john-leisk,John Leisk,1877-11-06,1880-11-02,elected,term_expired,24,Lerwick Town Council Election November 1877,1,Confirmed Apr 2026 composition research (per-row source not recorded)
laurence-stove,Laurence Stove,1877-11-06,1880-11-02,elected,term_expired,24,Lerwick Town Council Election November 1877,1,Confirmed Apr 2026 composition research (per-row source not recorded)
william-robertson,William Robertson,1877-11-06,1880-11-02,elected,term_expired,24,Lerwick Town Council Election November 1877,1,Confirmed Apr 2026 composition research (per-row source not recorded)
john-robertson-ii,John Robertson (ii),1878-01-24,1878-11-05,by-election,term_expired,25,Lerwick Town Council By-Election January 1878,1,Confirmed Apr 2026 composition research (per-row source not recorded)
arthur-hay,Arthur Hay,1878-11-05,1881-11-08,elected,term_expired,26,Lerwick Town Council Election November 1878,1,Confirmed Apr 2026 composition research (per-row source not recorded)
john-robertson-i,John Robertson (i),1878-11-05,1881-11-08,elected,term_expired,26,Lerwick Town Council Election November 1878,1,Confirmed Apr 2026 composition research (per-row source not recorded)
john-robertson-ii,John Robertson (ii),1878-11-05,1881-11-08,elected,term_expired,26,Lerwick Town Council Election November 1878,1,Confirmed Apr 2026 composition research (per-row source not recorded)
robert-sinclair,Robert Sinclair,1878-11-05,1881-11-08,elected,term_expired,26,Lerwick Town Council Election November 1878,1,Confirmed Apr 2026 composition research (per-row source not recorded)
george-hay,George Hay,1879-11-04,1882-11-07,elected,term_expired,27,Lerwick Town Council Election November 1879,1,Confirmed Apr 2026 composition research (per-row source not recorded)
james-hunter-ii,James Hunter (ii),1879-11-04,1882-11-07,elected,term_expired,27,Lerwick Town Council Election November 1879,1,Confirmed Apr 2026 composition research (per-row source not recorded)
thomas-cameron,Thomas Cameron,1879-11-04,1882-11-07,elected,term_expired,27,Lerwick Town Council Election November 1879,1,Confirmed Apr 2026 composition research (per-row source not recorded)
andrew-jamieson,Andrew Jamieson,1880-11-02,1883-11-06,elected,term_expired,28,Lerwick Town Council Election November 1880,1,Confirmed Apr 2026 composition research (per-row source not recorded)
john-leisk,John Leisk,1880-11-02,1883-11-06,elected,term_expired,28,Lerwick Town Council Election November 1880,1,Confirmed Apr 2026 composition research (per-row source not recorded)
laurence-stove,Laurence Stove,1880-11-02,1883-11-06,elected,term_expired,28,Lerwick Town Council Election November 1880,1,Confirmed Apr 2026 composition research (per-row source not recorded)
william-robertson,William Robertson,1880-11-02,1883-10-22,elected,died,28,Lerwick Town Council Election November 1880,1,Confirmed Apr 2026 composition research (per-row source not recorded)
william-duncan-i,William Duncan (i),1880-11-25,1881-11-08,by-election,term_expired,29,Lerwick Town Council By-Election November 1880,1,Confirmed Apr 2026 composition research (per-row source not recorded)
arthur-hay,Arthur Hay,1881-11-08,1884-11-04,elected,term_expired,30,Lerwick Town Council Election November 1881,1,"Shetland Times 1 Nov 1884: retiring are Bailies Robertson and Hay, John Robertson jr, William Duncan"
james-tulloch,James Tulloch,1881-11-08,1882-11-07,elected,term_expired,30,Lerwick Town Council Election November 1881,1,"Shetland Times 1 Nov 1884: retiring are Bailies Robertson and Hay, John Robertson jr, William Duncan"
john-robertson-i,John Robertson (i),1881-11-08,1884-11-04,elected,term_expired,30,Lerwick Town Council Election November 1881,1,"Shetland Times 1 Nov 1884: retiring are Bailies Robertson and Hay, John Robertson jr, William Duncan"
john-robertson-ii,John Robertson (ii),1881-11-08,1884-11-04,elected,term_expired,30,Lerwick Town Council Election November 1881,1,"Shetland Times 1 Nov 1884: retiring are Bailies Robertson and Hay, John Robertson jr, William Duncan"
william-duncan-i,William Duncan (i),1881-11-08,1884-11-04,elected,term_expired,30,Lerwick Town Council Election November 1881,1,"Shetland Times 1 Nov 1884: retiring are Bailies Robertson and Hay, John Robertson jr, William Duncan"
alexander-mitchell-i,Alexander Mitchell (i),1882-11-07,1885-11-03,elected,term_expired,31,Lerwick Town Council Election November 1882,1,Confirmed Apr 2026 composition research (per-row source not recorded)
james-hunter-ii,James Hunter (ii),1882-11-07,1885-11-03,elected,term_expired,31,Lerwick Town Council Election November 1882,1,Confirmed Apr 2026 composition research (per-row source not recorded)
james-tulloch,James Tulloch,1882-11-07,1885-11-03,elected,term_expired,31,Lerwick Town Council Election November 1882,1,Confirmed Apr 2026 composition research (per-row source not recorded)
thomas-cameron,Thomas Cameron,1882-11-07,1883-09-01,elected,resigned,31,Lerwick Town Council Election November 1882,1,Confirmed Apr 2026 composition research (per-row source not recorded)
andrew-jamieson,Andrew Jamieson,1883-11-06,1886-11-02,elected,term_expired,32,Lerwick Town Council Election November 1883,1,Confirmed Apr 2026 composition research (per-row source not recorded)
francis-halcrow,Francis Halcrow,1883-11-06,1886-11-02,elected,term_expired,32,Lerwick Town Council Election November 1883,1,Confirmed Apr 2026 composition research (per-row source not recorded)
gilbert-harrison,Gilbert Harrison,1883-11-06,1886-11-02,elected,term_expired,32,Lerwick Town Council Election November 1883,1,Confirmed Apr 2026 composition research (per-row source not recorded)
john-leisk,John Leisk,1883-11-06,1886-11-02,elected,term_expired,32,Lerwick Town Council Election November 1883,1,Confirmed Apr 2026 composition research (per-row source not recorded)
laurence-stove,Laurence Stove,1883-11-06,1886-11-02,elected,term_expired,32,Lerwick Town Council Election November 1883,1,ST 21 Nov 1885: still sitting after the 1885 election (at the statutory meeting); ST 23 Oct 1886: among the retiring councillors
john-harrison-i,John Harrison (i),1884-11-04,1886-10-01,elected,disqualified,33,Lerwick Town Council Election November 1884,0,ST 16 Oct 1886: one member will be disqualified (future tense after the 15 Oct meeting) so the 1 Oct end is too early; day and cause not found (open question)
john-robertson-i,John Robertson (i),1884-11-04,1887-11-01,elected,term_expired,33,Lerwick Town Council Election November 1884,0,
john-robertson-ii,John Robertson (ii),1884-11-04,1887-11-01,elected,term_expired,33,Lerwick Town Council Election November 1884,0,
william-duncan-i,William Duncan (i),1884-11-22,1885-11-03,by-election,term_expired,34,Lerwick Town Council By-Election November 1884,0,
alexander-mitchell-i,Alexander Mitchell (i),1885-11-03,1888-11-08,elected,term_expired,35,Lerwick Town Council Election November 1885,1,ST 21 Nov 1885: Duncan Hunter Mitchell and Tulloch returned unopposed on 3 Nov; ST 6 Oct 1888: retiring by rotation
james-hunter-ii,James Hunter (ii),1885-11-03,1887-01-04,elected,resigned,35,Lerwick Town Council Election November 1885,1,ST 21 Nov 1885: Duncan Hunter Mitchell and Tulloch returned unopposed on 3 Nov; ST 8 Jan 1887: resignation accepted at the meeting of Tue 4 Jan 1887 (moved to Portsoy)
james-tulloch,James Tulloch,1885-11-03,1888-11-08,elected,term_expired,35,Lerwick Town Council Election November 1885,1,ST 21 Nov 1885: Duncan Hunter Mitchell and Tulloch returned unopposed on 3 Nov; ST 6 Oct 1888: retiring by rotation
william-duncan-i,William Duncan (i),1885-11-03,1886-07-12,elected,resigned,35,Lerwick Town Council Election November 1885,0,ST 21 Nov 1885: Duncan Hunter Mitchell and Tulloch returned unopposed on 3 Nov; ST 17 Jul 1886: resignation letter read at the meeting of Mon 12 Jul 1886 (to take effect three weeks hence); ST 16 Oct 1886: he refused to reconsider (adjourned meeting Fri 15 Oct); which date ends the seat is an open question
andrew-jamieson,Andrew Jamieson,1886-11-02,1888-11-08,elected,term_expired,36,Lerwick Town Council Election November 1886,1,ST 30 Oct 1886: the five retiring councillors re-nominated unopposed; ST 6 Oct 1888: Jamieson retiring by rotation
francis-halcrow,Francis Halcrow,1886-11-02,1889-11-05,elected,term_expired,36,Lerwick Town Council Election November 1886,1,ST 30 Oct 1886: the five retiring councillors re-nominated unopposed; ST 26 Oct 1889: retiring by rotation
gilbert-harrison,Gilbert Harrison,1886-11-02,1889-11-05,elected,term_expired,36,Lerwick Town Council Election November 1886,1,ST 30 Oct 1886: the five retiring councillors re-nominated unopposed; ST 26 Oct 1889: retiring by rotation
john-leisk,John Leisk,1886-11-02,1889-11-05,elected,term_expired,36,Lerwick Town Council Election November 1886,1,ST 30 Oct 1886: the five retiring councillors re-nominated unopposed; ST 26 Oct 1889: retiring by rotation
laurence-stove,Laurence Stove,1886-11-02,1889-04-12,elected,died,36,Lerwick Town Council Election November 1886,1,ST 30 Oct 1886: the five retiring councillors re-nominated unopposed; ST 26 Oct 1889: vacancy by his death
charles-robertson,Charles Robertson,1886-11-19,1887-11-01,by-election,term_expired,37,Lerwick Town Council By-Election November 1886,0,ST 20 Nov 1886: co-opted at the meeting on Friday 19 Nov
john-anderson,John Anderson,1886-11-19,1887-11-01,by-election,term_expired,37,Lerwick Town Council By-Election November 1886,0,ST 20 Nov 1886: co-opted at the meeting on Friday 19 Nov
arthur-porteous,Arthur Porteous,1887-03-18,1887-11-01,by-election,term_expired,38,Lerwick Town Council By-Election March 1887,0,ST 19 Mar 1887: elected in Hunter's room at the meeting of Friday 18 Mar
arthur-porteous,Arthur Porteous,1887-11-01,1890-11-04,elected,term_expired,39,Lerwick Town Council Election November 1887,0,
charles-robertson,Charles Robertson,1887-11-01,1890-11-04,elected,term_expired,39,Lerwick Town Council Election November 1887,0,
john-anderson,John Anderson,1887-11-01,1888-11-08,elected,term_expired,39,Lerwick Town Council Election November 1887,0,
john-robertson-i,John Robertson (i),1887-11-01,1890-11-04,elected,term_expired,39,Lerwick Town Council Election November 1887,0,
john-robertson-ii,John Robertson (ii),1887-11-01,1890-11-04,elected,term_expired,39,Lerwick Town Council Election November 1887,0,
alexander-mitchell-i,Alexander Mitchell (i),1888-11-08,1889-10-18,elected,resigned,40,Lerwick Town Council Election November 1888,0,ST 3 Nov 1888: re-nominated unopposed; ST 19 Oct 1889: resignation accepted at a meeting held last [night?] (scan unclear) so probably Fri 18 Oct 1889
arthur-laing,Arthur Laing,1888-11-08,1891-11-03,elected,term_expired,40,Lerwick Town Council Election November 1888,0,
james-goudie,James Goudie,1888-11-08,1891-11-03,elected,term_expired,40,Lerwick Town Council Election November 1888,0,
john-anderson,John Anderson,1888-11-08,1891-11-03,elected,term_expired,40,Lerwick Town Council Election November 1888,0,
francis-halcrow,Francis Halcrow,1889-11-05,1892-11-01,elected,term_expired,41,Lerwick Town Council Election November 1889,0,ST 2 Nov 1889: notice of the municipal election on Tuesday next (5 Nov)
george-kay,George Kay,1889-11-05,1892-11-01,elected,term_expired,41,Lerwick Town Council Election November 1889,0,ST 2 Nov 1889: notice of the municipal election on Tuesday next (5 Nov)
gilbert-harrison,Gilbert Harrison,1889-11-05,1892-11-01,elected,term_expired,41,Lerwick Town Council Election November 1889,0,ST 2 Nov 1889: notice of the municipal election on Tuesday next (5 Nov)
john-leisk,John Leisk,1889-11-05,1891-11-03,elected,term_expired,41,Lerwick Town Council Election November 1889,0,ST 2 Nov 1889: notice of the municipal election on Tuesday next (5 Nov)
robert-hunter-i,Robert Hunter (i),1889-11-05,1892-11-01,elected,term_expired,41,Lerwick Town Council Election November 1889,0,ST 2 Nov 1889: notice of the municipal election on Tuesday next (5 Nov)
arthur-porteous,Arthur Porteous,1890-11-04,1893-11-02,elected,term_expired,42,Lerwick Town Council Election November 1890,0,
charles-laurenson,Charles Laurenson,1890-11-04,1893-11-02,elected,term_expired,42,Lerwick Town Council Election November 1890,0,
charles-robertson,Charles Robertson,1890-11-04,1893-11-02,elected,term_expired,42,Lerwick Town Council Election November 1890,0,
john-robertson-ii,John Robertson (ii),1890-11-04,1893-11-02,elected,term_expired,42,Lerwick Town Council Election November 1890,0,
arthur-laing,Arthur Laing,1891-11-03,1894-11-06,elected,term_expired,43,Lerwick Town Council Election November 1891,0,
james-goudie,James Goudie,1891-11-03,1894-11-06,elected,term_expired,43,Lerwick Town Council Election November 1891,0,
john-leisk,John Leisk,1891-11-03,1894-11-06,elected,term_expired,43,Lerwick Town Council Election November 1891,0,
john-tulloch-i,John Tulloch (i),1891-11-03,1894-11-06,elected,term_expired,43,Lerwick Town Council Election November 1891,0,
francis-halcrow,Francis Halcrow,1892-11-01,1895-11-05,elected,term_expired,44,Lerwick Town Council Election November 1892,1,Retiring in 1895 (Shetland Times 19 Oct 1895: retiring Hunter Harrison Halcrow Kay)
george-kay,George Kay,1892-11-01,1895-11-05,elected,term_expired,44,Lerwick Town Council Election November 1892,1,Retiring in 1895 (Shetland Times 19 Oct 1895: retiring Hunter Harrison Halcrow Kay)
gilbert-harrison,Gilbert Harrison,1892-11-01,1895-11-05,elected,term_expired,44,Lerwick Town Council Election November 1892,1,Retiring in 1895 (Shetland Times 19 Oct 1895: retiring Hunter Harrison Halcrow Kay)
robert-hunter-i,Robert Hunter (i),1892-11-01,1895-11-05,elected,term_expired,44,Lerwick Town Council Election November 1892,1,Retiring in 1895 (Shetland Times 19 Oct 1895: retiring Hunter Harrison Halcrow Kay)
arthur-porteous,Arthur Porteous,1893-11-02,1896-11-03,elected,term_expired,45,Lerwick Town Council Election November 1893,1,Elected 1893; retiring in 1896 (Shetland Times 24 Oct 1896: Bailie Porteous J. Robertson P. S. Goodlad R. B. Hunter)
charles-robertson,Charles Robertson,1893-11-02,1895-07-21,elected,died,45,Lerwick Town Council Election November 1893,0,
john-robertson-ii,John Robertson (ii),1893-11-02,1896-11-03,elected,term_expired,45,Lerwick Town Council Election November 1893,1,Elected 1893; retiring in 1896 (Shetland Times 24 Oct 1896: Bailie Porteous J. Robertson P. S. Goodlad R. B. Hunter)
peter-goodlad,Peter Goodlad,1893-11-02,1896-11-03,elected,term_expired,45,Lerwick Town Council Election November 1893,1,Elected 1893; retiring in 1896 (Shetland Times 24 Oct 1896: Bailie Porteous J. Robertson P. S. Goodlad R. B. Hunter)
archibald-garriock,Archibald Garriock,1894-11-06,1897-11-02,elected,term_expired,46,Lerwick Town Council Election November 1894,1,Elected 1894 as the only new member (Shetland Times 10 Nov 1894); retiring by rotation in 1897 (Shetland Times 16 Oct 1897: Bailie Goudie Garriock Halcrow Laing)
arthur-laing,Arthur Laing,1894-11-06,1897-11-02,elected,term_expired,46,Lerwick Town Council Election November 1894,1,Elected 1894; retiring by rotation in 1897 (Shetland Times 16 Oct 1897: Bailie Goudie Garriock Halcrow Laing)
james-goudie,James Goudie,1894-11-06,1897-11-02,elected,term_expired,46,Lerwick Town Council Election November 1894,1,Elected 1894; retiring by rotation in 1897 (Shetland Times 16 Oct 1897: Bailie Goudie Garriock Halcrow Laing)
john-leisk,John Leisk,1894-11-06,1898-11-01,elected,term_expired,46,Lerwick Town Council Election November 1894,1,Elected 1894; not retiring in 1897 (Shetland Times 16 Oct 1897 lists Halcrow in his place); retiring in 1898 (Shetland Times 8 and 29 Oct 1898: Provost Leisk Harrison Kay Stove)
alfred-stove,Alfred Stove,1895-11-05,1898-11-01,elected,term_expired,47,Lerwick Town Council Election November 1895,1,Elected 1895 (Shetland Times 19 Oct 1895: retiring Hunter Harrison Halcrow Kay plus Robertson's seat); retiring in 1898 (Shetland Times 8 and 29 Oct 1898: Provost Leisk Harrison Kay Stove)
francis-halcrow,Francis Halcrow,1895-11-05,1897-11-02,elected,term_expired,47,Lerwick Town Council Election November 1895,1,Re-elected 1895; retiring by rotation in 1897 (Shetland Times 16 Oct 1897: Bailie Goudie Garriock Halcrow Laing) a year early in place of Leisk
george-kay,George Kay,1895-11-05,1898-11-01,elected,term_expired,47,Lerwick Town Council Election November 1895,1,Re-elected 1895; retiring in 1898 (Shetland Times 8 and 29 Oct 1898: Provost Leisk Harrison Kay Stove)
gilbert-harrison,Gilbert Harrison,1895-11-05,1898-11-01,elected,term_expired,47,Lerwick Town Council Election November 1895,1,Re-elected 1895; retiring in 1898 (Shetland Times 8 and 29 Oct 1898: Provost Leisk Harrison Kay Stove)
robert-hunter-i,Robert Hunter (i),1895-11-05,1896-11-03,elected,term_expired,47,Lerwick Town Council Election November 1895,1,Re-elected 1895 to the seat of Charles Robertson (died Jul 1895); retiring in 1896 (Shetland Times 24 Oct 1896: Bailie Porteous J. Robertson P. S. Goodlad R. B. Hunter)
arthur-porteous,Arthur Porteous,1896-11-03,1899-11-07,elected,term_expired,48,Lerwick Town Council Election November 1896,1,Re-elected 1896; retiring in 1899 (Shetland Times 28 Oct 1899: Bailie Porteous Goodlad Hunter J. Robertson S. Johnson)
john-robertson-ii,John Robertson (ii),1896-11-03,1899-11-07,elected,term_expired,48,Lerwick Town Council Election November 1896,1,Re-elected 1896; retiring in 1899 (Shetland Times 28 Oct 1899: Bailie Porteous Goodlad Hunter J. Robertson S. Johnson)
peter-goodlad,Peter Goodlad,1896-11-03,1899-11-07,elected,term_expired,48,Lerwick Town Council Election November 1896,1,Re-elected 1896; retiring in 1899 (Shetland Times 28 Oct 1899: Bailie Porteous Goodlad Hunter J. Robertson S. Johnson)
robert-hunter-i,Robert Hunter (i),1896-11-03,1899-11-07,elected,term_expired,48,Lerwick Town Council Election November 1896,1,Re-elected 1896; retiring in 1899 (Shetland Times 28 Oct 1899: Bailie Porteous Goodlad Hunter J. Robertson S. Johnson)
archibald-garriock,Archibald Garriock,1897-11-02,1899-02-28,elected,died,49,Lerwick Town Council Election November 1897,0,
arthur-laing,Arthur Laing,1897-11-02,1900-11-06,elected,term_expired,49,Lerwick Town Council Election November 1897,1,Re-elected 1897; retiring in 1900 (Shetland Times 13 Oct 1900: Bailie Goudie Kay Halcrow Laing)
francis-halcrow,Francis Halcrow,1897-11-02,1900-11-06,elected,term_expired,49,Lerwick Town Council Election November 1897,1,Re-elected 1897; retiring in 1900 (Shetland Times 13 Oct 1900: Bailie Goudie Kay Halcrow Laing)
james-goudie,James Goudie,1897-11-02,1900-11-06,elected,term_expired,49,Lerwick Town Council Election November 1897,1,Re-elected 1897; retiring in 1900 (Shetland Times 13 Oct 1900: Bailie Goudie Kay Halcrow Laing)
alfred-stove,Alfred Stove,1898-11-01,1901-10-13,elected,died,50,Lerwick Town Council Election November 1898,1,Re-elected unopposed 1898 (Shetland Times 29 Oct 1898); on the 1901 retiring list (Shetland Times 5 Oct 1901); died Sun 13 Oct 1901 (Shetland Times 19 Oct 1901)
george-kay,George Kay,1898-11-01,1900-11-06,elected,term_expired,50,Lerwick Town Council Election November 1898,1,Re-elected 1898; Kay volunteered to retire in 1900 as only three retired by rotation (Shetland Times 13 Oct 1900 p4 and p8)
gilbert-harrison,Gilbert Harrison,1898-11-01,1901-11-05,elected,term_expired,50,Lerwick Town Council Election November 1898,1,Re-elected 1898; retiring in 1901 (Shetland Times 5 Oct 1901: Provost Leisk Harrison Stove Johnson)
john-leisk,John Leisk,1898-11-01,1901-11-05,elected,term_expired,50,Lerwick Town Council Election November 1898,1,Re-elected 1898; retiring in 1901 (Shetland Times 5 Oct 1901: Provost Leisk Harrison Stove Johnson)
sinclair-johnson,Sinclair Johnson,1899-05-02,1899-11-07,by-election,term_expired,51,Lerwick Town Council By-Election May 1899,0,
arthur-porteous,Arthur Porteous,1899-11-07,1902-11-04,elected,term_expired,52,Lerwick Town Council Election November 1899,1,Elected 1899 (Shetland Times 11 Nov 1899: Robertson Morrison Goodlad Porteous S. Johnson); retiring in 1902 (Shetland Times 11 Oct 1902: Bailie Porteous Robertson Morrison Goodlad)
donald-morrison,Donald Morrison,1899-11-07,1902-11-04,elected,term_expired,52,Lerwick Town Council Election November 1899,1,Elected 1899 (Shetland Times 11 Nov 1899: Robertson Morrison Goodlad Porteous S. Johnson); retiring in 1902 (Shetland Times 11 Oct 1902: Bailie Porteous Robertson Morrison Goodlad)
john-robertson-ii,John Robertson (ii),1899-11-07,1902-11-04,elected,term_expired,52,Lerwick Town Council Election November 1899,1,Elected 1899 (Shetland Times 11 Nov 1899: Robertson Morrison Goodlad Porteous S. Johnson); retiring in 1902 (Shetland Times 11 Oct 1902: Bailie Porteous Robertson Morrison Goodlad)
peter-goodlad,Peter Goodlad,1899-11-07,1902-11-04,elected,term_expired,52,Lerwick Town Council Election November 1899,1,Elected 1899 (Shetland Times 11 Nov 1899: Robertson Morrison Goodlad Porteous S. Johnson); retiring in 1902 (Shetland Times 11 Oct 1902: Bailie Porteous Robertson Morrison Goodlad)
sinclair-johnson,Sinclair Johnson,1899-11-07,1901-11-05,elected,term_expired,52,Lerwick Town Council Election November 1899,1,Re-elected 1899 after his by-election; not retiring in 1900 (Shetland Times 13 Oct 1900); retiring in 1901 (Shetland Times 5 Oct 1901: Provost Leisk Harrison Stove Johnson)
arthur-laing,Arthur Laing,1900-11-06,1903-11-03,elected,term_expired,53,Lerwick Town Council Election November 1900,1,Re-elected unopposed 1900 (Shetland Times 3 Nov 1900); retiring in 1903 (Shetland Times 10 Oct 1903: Bailie Goudie Halcrow Kay Laing)
francis-halcrow,Francis Halcrow,1900-11-06,1903-11-03,elected,term_expired,53,Lerwick Town Council Election November 1900,1,Re-elected unopposed 1900 (Shetland Times 3 Nov 1900); retiring in 1903 (Shetland Times 10 Oct 1903: Bailie Goudie Halcrow Kay Laing)
george-kay,George Kay,1900-11-06,1903-11-03,elected,term_expired,53,Lerwick Town Council Election November 1900,1,Re-elected unopposed 1900 (Shetland Times 3 Nov 1900); retiring in 1903 (Shetland Times 10 Oct 1903: Bailie Goudie Halcrow Kay Laing)
james-goudie,James Goudie,1900-11-06,1903-11-03,elected,term_expired,53,Lerwick Town Council Election November 1900,1,Re-elected unopposed 1900 (Shetland Times 3 Nov 1900); retiring in 1903 (Shetland Times 10 Oct 1903: Bailie Goudie Halcrow Kay Laing)
gilbert-harrison,Gilbert Harrison,1901-11-05,1904-11-01,elected,term_expired,54,Lerwick Town Council Election November 1901,1,Elected 1901 at the poll of Tue 5 Nov (Shetland Times 2 and 9 Nov 1901); retiring in 1904 (Shetland Times 5 Nov 1904: Provost Leisk Harrison Irvine S. Johnson)
john-irvine-iii,John Irvine (iii),1901-11-05,1904-11-01,elected,term_expired,54,Lerwick Town Council Election November 1901,1,Elected 1901 at the poll of Tue 5 Nov (Shetland Times 2 and 9 Nov 1901); retiring in 1904 (Shetland Times 5 Nov 1904: Provost Leisk Harrison Irvine S. Johnson)
john-leisk,John Leisk,1901-11-05,1904-11-01,elected,term_expired,54,Lerwick Town Council Election November 1901,1,Elected 1901 at the poll of Tue 5 Nov (Shetland Times 2 and 9 Nov 1901); retiring in 1904 (Shetland Times 5 Nov 1904: Provost Leisk Harrison Irvine S. Johnson)
sinclair-johnson,Sinclair Johnson,1901-11-05,1904-11-01,elected,term_expired,54,Lerwick Town Council Election November 1901,1,Elected 1901 at the poll of Tue 5 Nov (Shetland Times 2 and 9 Nov 1901); retiring in 1904 (Shetland Times 5 Nov 1904: Provost Leisk Harrison Irvine S. Johnson)
arthur-porteous,Arthur Porteous,1902-11-04,1905-11-07,elected,term_expired,55,Lerwick Town Council Election November 1902,1,Re-elected unopposed 1902 (Shetland Times 8 Nov 1902); retiring in 1905 (Shetland Times 14 Oct 1905: Bailie Porteous Goodlad Morrison L. Laurenson)
donald-morrison,Donald Morrison,1902-11-04,1905-11-07,elected,term_expired,55,Lerwick Town Council Election November 1902,1,Re-elected unopposed 1902 (Shetland Times 8 Nov 1902); retiring in 1905 (Shetland Times 14 Oct 1905: Bailie Porteous Goodlad Morrison L. Laurenson)
john-robertson-ii,John Robertson (ii),1902-11-04,1905-02-02,elected,died,55,Lerwick Town Council Election November 1902,1,Re-elected unopposed 1902 (Shetland Times 8 Nov 1902); died Thu 2 Feb 1905 (Shetland Times 4 and 11 Feb 1905)
peter-goodlad,Peter Goodlad,1902-11-04,1905-11-07,elected,term_expired,55,Lerwick Town Council Election November 1902,1,Re-elected unopposed 1902 (Shetland Times 8 Nov 1902); retiring in 1905 (Shetland Times 14 Oct 1905: Bailie Porteous Goodlad Morrison L. Laurenson)
arthur-laing,Arthur Laing,1903-11-03,1906-11-06,elected,term_expired,56,Lerwick Town Council Election November 1903,1,Elected 1903 at the poll of Tue 3 Nov (Shetland Times 7 Nov 1903); retiring in 1906 (Shetland Times 6 Oct 1906: Bailie Laing Ganson Kay J. T. J. Sinclair)
george-kay,George Kay,1903-11-03,1906-11-06,elected,term_expired,56,Lerwick Town Council Election November 1903,1,Elected 1903 at the poll of Tue 3 Nov (Shetland Times 7 Nov 1903); retiring in 1906 (Shetland Times 6 Oct 1906: Bailie Laing Ganson Kay J. T. J. Sinclair)
james-goudie,James Goudie,1903-11-03,1907-11-05,elected,term_expired,56,Lerwick Town Council Election November 1903,1,Elected 1903 at the poll of Tue 3 Nov (Shetland Times 7 Nov 1903); stayed on as Provost in 1906 (Shetland Times 6 Oct 1906: J. T. J. Sinclair retired in his place); retiring in 1907 and did not re-stand (Shetland Times 5 and 12 Oct 1907)
robert-ganson-i,Robert Ganson (i),1903-11-03,1906-11-06,elected,term_expired,56,Lerwick Town Council Election November 1903,1,Elected 1903 at the poll of Tue 3 Nov (Shetland Times 7 Nov 1903); retiring in 1906 (Shetland Times 6 Oct 1906: Bailie Laing Ganson Kay J. T. J. Sinclair)
gilbert-harrison,Gilbert Harrison,1904-11-01,1907-11-05,elected,term_expired,57,Lerwick Town Council Election November 1904,1,Elected 1904 (Shetland Times 5 Nov 1904); retiring in 1907 (Shetland Times 5 Oct 1907: Provost Goudie Irvine Harrison S. Johnson)
john-irvine-iii,John Irvine (iii),1904-11-01,1907-11-05,elected,term_expired,57,Lerwick Town Council Election November 1904,1,Elected 1904 (Shetland Times 5 Nov 1904); retiring in 1907 (Shetland Times 5 Oct 1907: Provost Goudie Irvine Harrison S. Johnson)
john-sinclair,John Sinclair,1904-11-01,1906-11-06,elected,term_expired,57,Lerwick Town Council Election November 1904,1,Elected 1904 (Shetland Times 5 Nov 1904); retired in 1906 a year early in place of Provost Goudie as the lowest winner of 1904 (Shetland Times 6 Oct 1906)
sinclair-johnson,Sinclair Johnson,1904-11-01,1907-11-05,elected,term_expired,57,Lerwick Town Council Election November 1904,1,Elected 1904 (Shetland Times 5 Nov 1904); retiring in 1907 (Shetland Times 5 Oct 1907: Provost Goudie Irvine Harrison S. Johnson)
laurence-laurenson-ii,Laurence Laurenson (ii),1905-02-28,1905-11-07,by-election,term_expired,58,Lerwick Town Council By-Election February 1905,0,
alexander-ratter,Alexander Ratter,1905-11-07,1908-11-03,elected,term_expired,59,Lerwick Town Council Election November 1905,1,Elected 1905. Retiring in 1908 (Shetland Times 10 Oct 1908 and 17 Oct 1908: W. Sinclair Ratter Goodlad Ganson by rotation; Provost Porteous not retiring)
arthur-porteous,Arthur Porteous,1905-11-07,1910-11-01,elected,term_expired,59,Lerwick Town Council Election November 1905,1,Elected 1905; stayed on as Provost past 1908 (Shetland Times 10 Oct 1908) and 1909 (Shetland Times 9 Oct 1909). Retiring in 1910 (Shetland Times 8 Oct 1910 and 15 Oct 1910: Provost Porteous A. Smith W. S. Smith Loggie)
peter-goodlad,Peter Goodlad,1905-11-07,1908-11-03,elected,term_expired,59,Lerwick Town Council Election November 1905,1,Elected 1905. Retiring in 1908 (Shetland Times 10 Oct 1908 and 17 Oct 1908: W. Sinclair Ratter Goodlad Ganson by rotation; Provost Porteous not retiring)
william-sinclair,William Sinclair,1905-11-07,1908-11-03,elected,term_expired,59,Lerwick Town Council Election November 1905,1,Elected 1905. Retiring in 1908 (Shetland Times 10 Oct 1908 and 17 Oct 1908: W. Sinclair Ratter Goodlad Ganson by rotation; Provost Porteous not retiring)
arthur-laing,Arthur Laing,1906-11-06,1909-11-02,elected,term_expired,60,Lerwick Town Council Election November 1906,1,Elected 1906. Retiring in 1909 (Shetland Times 9 Oct 1909 and 16 Oct 1909: Bailies A. Laing and Stout Councillors J. Laing and J. Smith)
james-laing,James Laing,1906-11-06,1909-11-02,elected,term_expired,60,Lerwick Town Council Election November 1906,1,Elected 1906. Retiring in 1909 (Shetland Times 9 Oct 1909 and 16 Oct 1909: Bailies A. Laing and Stout Councillors J. Laing and J. Smith)
robert-ganson-i,Robert Ganson (i),1906-11-06,1908-11-03,elected,term_expired,60,Lerwick Town Council Election November 1906,1,Elected 1906; a two-year seat. Retiring in 1908 (Shetland Times 10 Oct 1908 and 17 Oct 1908: W. Sinclair Ratter Goodlad Ganson by rotation; Provost Porteous not retiring)
robert-stout-i,Robert Stout (i),1906-11-06,1909-11-02,elected,term_expired,60,Lerwick Town Council Election November 1906,1,Elected 1906. Retiring in 1909 (Shetland Times 9 Oct 1909 and 16 Oct 1909: Bailies A. Laing and Stout Councillors J. Laing and J. Smith)
andrew-smith,Andrew Smith,1907-11-05,1910-11-01,elected,term_expired,61,Lerwick Town Council Election November 1907,1,Elected 1907. Retiring in 1910 (Shetland Times 8 Oct 1910 and 15 Oct 1910: Provost Porteous A. Smith W. S. Smith Loggie)
john-irvine-iii,John Irvine (iii),1907-11-05,1909-12-07,elected,resigned,61,Lerwick Town Council Election November 1907,1,Elected 1907; resignation letter read at the meeting of Tue 7 Dec 1909 (Shetland Times 11 Dec 1909)
john-smith-i,John Smith (i),1907-11-05,1909-11-02,elected,term_expired,61,Lerwick Town Council Election November 1907,1,Elected 1907; retiring a year early in 1909 in the seat Ganson left in 1908. Retiring in 1909 (Shetland Times 9 Oct 1909 and 16 Oct 1909: Bailies A. Laing and Stout Councillors J. Laing and J. Smith)
william-smith-ii,William Smith (ii),1907-11-05,1910-11-01,elected,term_expired,61,Lerwick Town Council Election November 1907,1,Elected 1907. Retiring in 1910 (Shetland Times 8 Oct 1910 and 15 Oct 1910: Provost Porteous A. Smith W. S. Smith Loggie)
alexander-ratter,Alexander Ratter,1908-11-03,1911-11-07,elected,term_expired,62,Lerwick Town Council Election November 1908,1,Elected 1908: the four retiring members returned (Shetland Times 7 Nov 1908). Retiring in 1911 (Shetland Times 7 Oct 1911 and 14 Oct 1911: Bailie Goodlad Ratter W. Sinclair Ganson by rotation)
peter-goodlad,Peter Goodlad,1908-11-03,1911-11-07,elected,term_expired,62,Lerwick Town Council Election November 1908,1,Elected 1908: the four retiring members returned (Shetland Times 7 Nov 1908). Retiring in 1911 (Shetland Times 7 Oct 1911 and 14 Oct 1911: Bailie Goodlad Ratter W. Sinclair Ganson by rotation)
robert-ganson-i,Robert Ganson (i),1908-11-03,1911-11-07,elected,term_expired,62,Lerwick Town Council Election November 1908,1,Elected 1908: the four retiring members returned (Shetland Times 7 Nov 1908). Retiring in 1911 (Shetland Times 7 Oct 1911 and 14 Oct 1911: Bailie Goodlad Ratter W. Sinclair Ganson by rotation)
william-sinclair,William Sinclair,1908-11-03,1911-11-07,elected,term_expired,62,Lerwick Town Council Election November 1908,1,Elected 1908: the four retiring members returned (Shetland Times 7 Nov 1908). Retiring in 1911 (Shetland Times 7 Oct 1911 and 14 Oct 1911: Bailie Goodlad Ratter W. Sinclair Ganson by rotation)
arthur-laing,Arthur Laing,1909-11-02,1913-11-04,elected,term_expired,63,Lerwick Town Council Election November 1909,1,Not retiring in 1912 while Provost (Shetland Times 12 Oct 1912: automatic retirals Stout J. Smith J. Laing Loggie); presided after the 1912 election (Shetland Times 9 Nov 1912); retiring in 1913 and did not re-stand (Shetland Times 11 Oct 1913 and 1 Nov 1913)
james-laing,James Laing,1909-11-02,1912-11-05,elected,term_expired,63,Lerwick Town Council Election November 1909,1,Elected 1909: the four retiring members returned on Tue 2 Nov (Shetland Times 6 Nov 1909). Retiring in 1912 (Shetland Times 5 Oct 1912 and 12 Oct 1912: automatic retirals Stout J. Smith J. Laing Loggie)
john-smith-i,John Smith (i),1909-11-02,1912-11-05,elected,term_expired,63,Lerwick Town Council Election November 1909,1,Elected 1909: the four retiring members returned on Tue 2 Nov (Shetland Times 6 Nov 1909). Retiring in 1912 (Shetland Times 5 Oct 1912 and 12 Oct 1912: automatic retirals Stout J. Smith J. Laing Loggie)
robert-stout-i,Robert Stout (i),1909-11-02,1912-11-05,elected,term_expired,63,Lerwick Town Council Election November 1909,1,Elected 1909: the four retiring members returned on Tue 2 Nov (Shetland Times 6 Nov 1909). Retiring in 1912 (Shetland Times 5 Oct 1912 and 12 Oct 1912: automatic retirals Stout J. Smith J. Laing Loggie)
james-loggie,James Loggie,1910-01-04,1910-11-01,by-election,term_expired,64,Lerwick Town Council By-Election January 1910,1,Appointed for Irvine (iii) resigned at a special meeting of Tue 4 Jan 1910 (Shetland Times 8 Jan 1910). Retiring in 1910 (Shetland Times 8 Oct 1910 and 15 Oct 1910: Provost Porteous A. Smith W. S. Smith Loggie)
andrew-smith,Andrew Smith,1910-11-01,1913-11-04,elected,term_expired,65,Lerwick Town Council Election November 1910,1,Elected 1910: the first four in the poll declared elected (Shetland Times 5 Nov 1910). Retiring in 1913 (Shetland Times 11 Oct 1913: Provost Laing Bailie Goodlad A. Smith W. S. Smith)
james-loggie,James Loggie,1910-11-01,1912-11-05,elected,term_expired,65,Lerwick Town Council Election November 1910,1,Shetland Times 12 Oct 1912 lists him among the automatic retirals (probably in place of Provost Laing who stayed on); retiring per Shetland Times 2 Nov 1912 election preview; absent from the council after the election (Shetland Times 16 Nov 1912)
william-macdougall,William MacDougall,1910-11-01,1912-10-08,elected,resigned,65,Lerwick Town Council Election November 1910,1,Resigned on Tuesday 8 Oct 1912 (Shetland Times 12 Oct 1912). An April 1912 resignation was withdrawn (Shetland Times 6 Apr 1912) and he attended the 1 Oct 1912 meeting (Shetland Times 5 Oct 1912)
william-smith-ii,William Smith (ii),1910-11-01,1913-11-04,elected,term_expired,65,Lerwick Town Council Election November 1910,1,Elected 1910: the first four in the poll declared elected (Shetland Times 5 Nov 1910). Retiring in 1913 (Shetland Times 11 Oct 1913: Provost Laing Bailie Goodlad A. Smith W. S. Smith)
alexander-ratter,Alexander Ratter,1911-11-07,1914-11-03,elected,term_expired,66,Lerwick Town Council Election November 1911,1,Elected 1911 unopposed in place of the four retiring by rotation (Shetland Times 7 Oct 1911 and 14 Oct 1911); sworn in (Shetland Times 11 Nov 1911). Retiring in 1914 (Shetland Times 24 Oct 1914 and 31 Oct 1914: Ganson Ratter W. Sinclair J. Smith returned unopposed)
peter-goodlad,Peter Goodlad,1911-11-07,1913-11-04,elected,term_expired,66,Lerwick Town Council Election November 1911,1,Retiring in 1913 a year before his cohort (Shetland Times 11 Oct 1913: Provost Laing Bailie Goodlad A. Smith W. S. Smith); re-elected 1913
robert-ganson-i,Robert Ganson (i),1911-11-07,1914-11-03,elected,term_expired,66,Lerwick Town Council Election November 1911,1,Elected 1911 unopposed in place of the four retiring by rotation (Shetland Times 7 Oct 1911 and 14 Oct 1911); sworn in (Shetland Times 11 Nov 1911). Retiring in 1914 (Shetland Times 24 Oct 1914 and 31 Oct 1914: Ganson Ratter W. Sinclair J. Smith returned unopposed)
william-sinclair,William Sinclair,1911-11-07,1914-11-03,elected,term_expired,66,Lerwick Town Council Election November 1911,1,Elected 1911 unopposed in place of the four retiring by rotation (Shetland Times 7 Oct 1911 and 14 Oct 1911); sworn in (Shetland Times 11 Nov 1911). Retiring in 1914 (Shetland Times 24 Oct 1914 and 31 Oct 1914: Ganson Ratter W. Sinclair J. Smith returned unopposed)
james-grierson,James Grierson,1912-11-05,1915-07-03,elected,died,67,Lerwick Town Council Election November 1912,1,Elected 1912 unopposed (Shetland Times 19 Oct and 16 Nov 1912); died Sat 3 Jul 1915 (Shetland Times 10 Jul 1915 deaths and council meeting of Tue 6 Jul)
james-laing,James Laing,1912-11-05,1919-11-04,elected,term_expired,67,Lerwick Town Council Election November 1912,1,Elected 1912 unopposed (Shetland Times 19 Oct and 16 Nov 1912); retiring in 1919 (Shetland Times 18 Oct 1919 election notice for Tue 4 Nov 1919): by rotation
john-smith-i,John Smith (i),1912-11-05,1914-11-03,elected,term_expired,67,Lerwick Town Council Election November 1912,1,A two-year seat: retiring in 1914 (Shetland Times 24 Oct 1914 and 31 Oct 1914: Ganson Ratter W. Sinclair J. Smith returned unopposed)
robert-ramsay,Robert Ramsay,1912-11-05,1919-11-04,elected,term_expired,67,Lerwick Town Council Election November 1912,1,Elected 1912 unopposed (Shetland Times 19 Oct and 16 Nov 1912); retiring in 1919 (Shetland Times 18 Oct 1919 election notice for Tue 4 Nov 1919): by rotation
robert-stout-i,Robert Stout (i),1912-11-05,1915-04-10,elected,died,67,Lerwick Town Council Election November 1912,1,Elected 1912 unopposed (Shetland Times 19 Oct and 16 Nov 1912); Provost; died suddenly Sat 10 Apr 1915 (Shetland Times 17 Apr 1915)
andrew-smith,Andrew Smith,1913-11-04,1916-09-05,elected,resigned,68,Lerwick Town Council Election November 1913,1,Elected 1913 (Shetland Times 8 Nov 1913 result); resigned through ill health after the 1 Aug 1916 meeting and M. L. Manson co-opted in his room on Tue 5 Sep 1916 (Shetland Times 5 Aug and 9 Sep 1916); day of resignation not printed
laurence-laurenson-ii,Laurence Laurenson (ii),1913-11-04,1916-07-14,elected,died,68,Lerwick Town Council Election November 1913,1,Elected 1913 (Shetland Times 8 Nov 1913 result); died Fri 14 Jul 1916 (Shetland Times 15 Jul 1916)
peter-goodlad,Peter Goodlad,1913-11-04,1919-11-04,elected,term_expired,68,Lerwick Town Council Election November 1913,1,Elected 1913 (Shetland Times 8 Nov 1913 result); Provost from 27 Apr 1915 (Shetland News 1 May 1915); due out in 1917 but there were no wartime elections; not in the 1919 retiring list (Shetland Times 18 Oct 1919 election notice) so sat on (holdover row from 1919)
william-smith-ii,William Smith (ii),1913-11-04,1916-11-07,elected,resigned,68,Lerwick Town Council Election November 1913,1,Elected 1913 (Shetland Times 8 Nov 1913 result); resignation through ill health read and accepted at the monthly meeting of Tue 7 Nov 1916 (Shetland Times 11 Nov 1916)
alexander-ratter,Alexander Ratter,1914-11-03,1919-11-04,elected,term_expired,69,Lerwick Town Council Election November 1914,1,Returned unopposed 1914 (Shetland Times 31 Oct 1914); due out in 1917 but there were no wartime elections; not in the 1919 retiring list (Shetland Times 18 Oct 1919 election notice) so sat on (holdover row from 1919)
john-smith-i,John Smith (i),1914-11-03,1919-11-04,elected,term_expired,69,Lerwick Town Council Election November 1914,1,Returned unopposed 1914 (Shetland Times 31 Oct 1914); due out in 1917 but there were no wartime elections; not in the 1919 retiring list (Shetland Times 18 Oct 1919 election notice) so sat on (holdover row from 1919)
robert-ganson-i,Robert Ganson (i),1914-11-03,1919-11-04,elected,term_expired,69,Lerwick Town Council Election November 1914,1,Returned unopposed 1914 (Shetland Times 31 Oct 1914); due out in 1917 but there were no wartime elections; not in the 1919 retiring list (Shetland Times 18 Oct 1919 election notice) so sat on (holdover row from 1919)
william-sinclair,William Sinclair,1914-11-03,1919-11-04,elected,term_expired,69,Lerwick Town Council Election November 1914,1,Returned unopposed 1914 (Shetland Times 31 Oct 1914); due out in 1917 but there were no wartime elections; not in the 1919 retiring list (Shetland Times 18 Oct 1919 election notice) so sat on (holdover row from 1919)
john-sinclair,John Sinclair,1915-04-27,1919-11-04,by-election,term_expired,70,Lerwick Town Council By-Election April 1915,1,Elected 6 votes to 2 over David Sutherland at the special meeting of Tue 27 Apr 1915 for Provost Stout (Shetland News 1 May 1915; the Shetland Times for May 1915 is not digitised); retiring in 1919 (Shetland Times 18 Oct 1919 election notice for Tue 4 Nov 1919): ad interim
charles-stout,Charles Stout,1915-08-03,1919-11-04,by-election,term_expired,71,Lerwick Town Council By-Election August 1915,1,Elected unopposed for Grierson at the monthly meeting of Tue 3 Aug 1915 (Shetland Times 7 Aug 1915); retiring in 1919 (Shetland Times 18 Oct 1919 election notice for Tue 4 Nov 1919): ad interim
john-henderson,John Henderson,1916-08-01,1919-11-04,by-election,term_expired,72,Lerwick Town Council By-Election August 1916,1,Appointed by majority over Magnus Manson for Laurenson at the monthly meeting of Tue 1 Aug 1916 (Shetland Times 5 Aug 1916); retiring in 1919 (Shetland Times 18 Oct 1919 election notice for Tue 4 Nov 1919): ad interim
magnus-manson,Magnus Manson,1916-09-05,1919-11-04,by-election,term_expired,73,Lerwick Town Council By-Election September 1916,1,Co-opted for Andrew Smith on Tue 5 Sep 1916 (Shetland Times 9 Sep 1916); retiring in 1919 (Shetland Times 18 Oct 1919 election notice for Tue 4 Nov 1919): ad interim
hugh-robertson,Hugh Robertson,1916-12-05,1919-11-04,by-election,term_expired,74,Lerwick Town Council By-Election December 1916,1,Appointed unanimously for W. Spence Smith at the monthly meeting of Tue 5 Dec 1916 (Shetland Times 9 Dec 1916; present as H. J. Robertson 2 Jan 1917 per Shetland Times 6 Jan 1917); retiring in 1919 (Shetland Times 18 Oct 1919 election notice for Tue 4 Nov 1919): ad interim
alexander-ratter,Alexander Ratter,1919-11-04,1920-11-02,holdover,term_expired,,,1,Holdover: not in the 1919 retiring list (Shetland Times 18 Oct 1919 election notice for Tue 4 Nov 1919); retiring by rotation in 1920 (Shetland Times 16 Oct 1920 election notice: P. S. Goodlad Ganson Ratter W. Sinclair)
james-laing,James Laing,1919-11-04,1922-11-07,elected,term_expired,75,Lerwick Town Council Election November 1919,1,Elected 1919; retiring by rotation in 1922 (Shetland Times 14 Oct 1922: Laing M. L. Manson Morrison Duffin); returned unopposed (Shetland Times 4 Nov 1922)
james-morrison,James Morrison,1919-11-04,1922-11-07,elected,term_expired,75,Lerwick Town Council Election November 1919,1,Elected 1919; retiring by rotation in 1922 (Shetland Times 14 Oct 1922: Laing M. L. Manson Morrison Duffin); returned unopposed (Shetland Times 4 Nov 1922)
james-pottinger-iii,James Pottinger (iii),1919-11-04,1921-06-07,elected,retired,75,Lerwick Town Council Election November 1919,0,Elected 1919 (Shetland Times 8 Nov 1919 result); last seen present 19 Apr 1921 (Shetland Times 23 Apr 1921) and absent 3 May and 7 Jun; his retiral created the vacancy filled on Tue 7 Jun 1921 (Shetland Times 11 Jun 1921); day of retiral not found so the row ends at the co-option
john-sinclair,John Sinclair,1919-11-04,1921-11-01,elected,term_expired,75,Lerwick Town Council Election November 1919,1,Retiring by rotation in 1921 (Shetland Times 8 and 15 Oct 1921: J. Smith Ramsay J. T. J. Sinclair Ollason)
john-smith-i,John Smith (i),1919-11-04,1921-11-01,holdover,term_expired,,,1,Holdover: not in the 1919 retiring list (Shetland Times 18 Oct 1919 election notice for Tue 4 Nov 1919); retiring in the ordinary course in 1921 (Shetland Times 8 and 15 Oct 1921: J. Smith Ramsay J. T. J. Sinclair Ollason); present at the meetings of 5 Jul and 4 Oct 1921
magnus-manson,Magnus Manson,1919-11-04,1922-11-07,elected,term_expired,75,Lerwick Town Council Election November 1919,1,Elected 1919; retiring by rotation in 1922 (Shetland Times 14 Oct 1922: Laing M. L. Manson Morrison Duffin); returned unopposed (Shetland Times 4 Nov 1922)
peter-goodlad,Peter Goodlad,1919-11-04,1920-11-02,holdover,term_expired,,,1,Holdover: not in the 1919 retiring list (Shetland Times 18 Oct 1919 election notice for Tue 4 Nov 1919); retiring by rotation in 1920 (Shetland Times 16 Oct 1920 election notice: P. S. Goodlad Ganson Ratter W. Sinclair); Ex-Provost by May 1921 (Shetland Times 14 May 1921)
robert-ganson-i,Robert Ganson (i),1919-11-04,1920-11-02,holdover,term_expired,,,1,Holdover: not in the 1919 retiring list (Shetland Times 18 Oct 1919 election notice for Tue 4 Nov 1919); retiring by rotation in 1920 (Shetland Times 16 Oct 1920 election notice: P. S. Goodlad Ganson Ratter W. Sinclair)
robert-ollason,Robert Ollason,1919-11-04,1921-11-01,elected,term_expired,75,Lerwick Town Council Election November 1919,1,Retiring by rotation in 1921 (Shetland Times 8 and 15 Oct 1921: J. Smith Ramsay J. T. J. Sinclair Ollason)
robert-ramsay,Robert Ramsay,1919-11-04,1921-11-01,elected,term_expired,75,Lerwick Town Council Election November 1919,1,Retiring by rotation in 1921 (Shetland Times 8 and 15 Oct 1921: J. Smith Ramsay J. T. J. Sinclair Ollason)
william-sinclair,William Sinclair,1919-11-04,1920-11-02,holdover,term_expired,,,1,Holdover: not in the 1919 retiring list (Shetland Times 18 Oct 1919 election notice for Tue 4 Nov 1919); retiring by rotation in 1920 (Shetland Times 16 Oct 1920 election notice: P. S. Goodlad Ganson Ratter W. Sinclair)
alexander-ratter,Alexander Ratter,1920-11-02,1923-11-06,elected,term_expired,76,Lerwick Town Council Election November 1920,1,Elected 1920 in a rotation seat (Shetland Times 16 Oct 1920: P. S. Goodlad Ganson Ratter W. Sinclair retiring); retiring by rotation in 1923 (Shetland Times 6 and 13 Oct 1923: Provost Ganson Bailie Ratter A. S. Manson D. Murray)
george-duffin,George Duffin,1920-11-02,1922-11-07,elected,term_expired,76,Lerwick Town Council Election November 1920,1,Elected 1920 but retiring a year early by rotation in 1922 (Shetland Times 14 Oct 1922: Laing M. L. Manson Morrison Duffin); returned unopposed (Shetland Times 4 Nov 1922); elected 1920 in a rotation seat (Shetland Times 16 Oct 1920: P. S. Goodlad Ganson Ratter W. Sinclair retiring)
robert-ganson-i,Robert Ganson (i),1920-11-02,1923-11-06,elected,term_expired,76,Lerwick Town Council Election November 1920,1,Elected 1920 in a rotation seat (Shetland Times 16 Oct 1920: P. S. Goodlad Ganson Ratter W. Sinclair retiring); retiring by rotation in 1923 (Shetland Times 6 and 13 Oct 1923: Provost Ganson Bailie Ratter A. S. Manson D. Murray)
william-sinclair,William Sinclair,1920-11-02,1921-10-04,elected,resigned,76,Lerwick Town Council Election November 1920,1,Elected 1920 in a rotation seat (Shetland Times 16 Oct 1920: P. S. Goodlad Ganson Ratter W. Sinclair retiring); Bailie; resignation as Magistrate and Councillor read at the monthly meeting of Tue 4 Oct 1921 (Shetland Times 8 Oct 1921) citing his other public duties
james-goodlad,James Goodlad,1921-06-07,1921-11-01,by-election,term_expired,77,Lerwick Town Council By-Election June 1921,1,Co-opted for J. J. Pottinger at the monthly meeting of Tue 7 Jun 1921 on the Provost's casting vote (5-5 against William Bruce) (Shetland Times 11 Jun 1921); retiring in 1921 as an ad interim member (Shetland Times 8 and 15 Oct 1921)
alexander-manson,Alexander Manson,1921-11-01,1923-11-06,elected,term_expired,78,Lerwick Town Council Election November 1921,1,One of six elected 1921 (Shetland Times 8 Oct 1921: J. Smith Ramsay J. T. J. Sinclair Ollason by rotation; J. M. Goodlad ad interim; Bailie Sinclair resigned); retiring by rotation in 1923 (Shetland Times 6 and 13 Oct 1923: Provost Ganson Bailie Ratter A. S. Manson D. Murray)
david-murray,David Murray,1921-11-01,1923-11-06,elected,term_expired,78,Lerwick Town Council Election November 1921,1,One of six elected 1921 (Shetland Times 8 Oct 1921: J. Smith Ramsay J. T. J. Sinclair Ollason by rotation; J. M. Goodlad ad interim; Bailie Sinclair resigned); retiring by rotation in 1923 (Shetland Times 6 and 13 Oct 1923: Provost Ganson Bailie Ratter A. S. Manson D. Murray)
james-goodlad,James Goodlad,1921-11-01,1924-05-05,elected,replaced,78,Lerwick Town Council Election November 1921,0,
john-sinclair,John Sinclair,1921-11-01,1924-11-04,elected,term_expired,78,Lerwick Town Council Election November 1921,0,
robert-ollason,Robert Ollason,1921-11-01,1924-11-04,elected,term_expired,78,Lerwick Town Council Election November 1921,0,
william-bruce-ii,William Bruce (ii),1921-11-01,1924-11-04,elected,term_expired,78,Lerwick Town Council Election November 1921,0,
george-duffin,George Duffin,1922-11-07,1925-11-03,elected,term_expired,79,Lerwick Town Council Election November 1922,0,
james-laing,James Laing,1922-11-07,1925-11-03,elected,term_expired,79,Lerwick Town Council Election November 1922,0,
james-morrison,James Morrison,1922-11-07,1925-11-03,elected,term_expired,79,Lerwick Town Council Election November 1922,0,
magnus-manson,Magnus Manson,1922-11-07,1925-11-03,elected,term_expired,79,Lerwick Town Council Election November 1922,0,
alexander-manson,Alexander Manson,1923-11-06,1926-11-02,elected,term_expired,80,Lerwick Town Council Election November 1923,0,
alexander-ratter,Alexander Ratter,1923-11-06,1926-11-02,elected,term_expired,80,Lerwick Town Council Election November 1923,0,
david-murray,David Murray,1923-11-06,1926-11-02,elected,term_expired,80,Lerwick Town Council Election November 1923,0,
robert-ganson-i,Robert Ganson (i),1923-11-06,1926-11-02,elected,term_expired,80,Lerwick Town Council Election November 1923,0,
edwyn-tait,Edwyn Tait,1924-05-05,1924-11-04,by-election,term_expired,81,Lerwick Town Council By-Election May 1924,0,
edwyn-tait,Edwyn Tait,1924-11-04,1927-11-01,elected,term_expired,82,Lerwick Town Council Election November 1924,0,
john-sinclair,John Sinclair,1924-11-04,1927-11-01,elected,term_expired,82,Lerwick Town Council Election November 1924,0,
robert-ollason,Robert Ollason,1924-11-04,1927-11-01,elected,term_expired,82,Lerwick Town Council Election November 1924,0,
william-bruce-ii,William Bruce (ii),1924-11-04,1927-11-01,elected,term_expired,82,Lerwick Town Council Election November 1924,0,
george-duffin,George Duffin,1925-11-03,1928-11-06,elected,term_expired,83,Lerwick Town Council Election November 1925,0,
john-campbell-i,John Campbell (i),1925-11-03,1928-11-06,elected,term_expired,83,Lerwick Town Council Election November 1925,0,
laurence-cogle,Laurence Andrew Cogle,1925-11-03,1928-11-06,elected,term_expired,83,Lerwick Town Council Election November 1925,0,
magnus-manson,Magnus Manson,1925-11-03,1928-11-06,elected,term_expired,83,Lerwick Town Council Election November 1925,0,
alexander-ratter,Alexander Ratter,1926-11-02,1929-11-05,elected,term_expired,84,Lerwick Town Council Election November 1926,0,
james-irvine-i,James Irvine (i),1926-11-02,1929-11-05,elected,term_expired,84,Lerwick Town Council Election November 1926,0,
laurence-sandison,Laurence Sandison,1926-11-02,1929-11-05,elected,term_expired,84,Lerwick Town Council Election November 1926,0,
robert-ganson-i,Robert Ganson (i),1926-11-02,1929-11-05,elected,term_expired,84,Lerwick Town Council Election November 1926,0,
james-laing,James Laing,1927-11-01,1930-11-04,elected,term_expired,85,Lerwick Town Council Election November 1927,0,
john-sinclair,John Sinclair,1927-11-01,1930-11-04,elected,term_expired,85,Lerwick Town Council Election November 1927,0,
robert-ollason,Robert Ollason,1927-11-01,1930-11-04,elected,term_expired,85,Lerwick Town Council Election November 1927,0,
william-bruce-ii,William Bruce (ii),1927-11-01,1930-11-04,elected,term_expired,85,Lerwick Town Council Election November 1927,0,
george-duffin,George Duffin,1928-11-06,1931-11-03,elected,term_expired,86,Lerwick Town Council Election November 1928,0,
john-campbell-i,John Campbell (i),1928-11-06,1931-11-03,elected,term_expired,86,Lerwick Town Council Election November 1928,0,
laurence-cogle,Laurence Andrew Cogle,1928-11-06,1931-11-03,elected,term_expired,86,Lerwick Town Council Election November 1928,0,
magnus-manson,Magnus Manson,1928-11-06,1931-11-03,elected,term_expired,86,Lerwick Town Council Election November 1928,0,
alexander-manson,Alexander Manson,1929-11-05,1932-11-01,elected,term_expired,87,Lerwick Town Council Election November 1929,0,
laurence-sandison,Laurence Sandison,1929-11-05,1932-11-01,elected,term_expired,87,Lerwick Town Council Election November 1929,0,
robert-ganson-i,Robert Ganson (i),1929-11-05,1932-11-01,elected,term_expired,87,Lerwick Town Council Election November 1929,0,
william-sinclair,William Sinclair,1929-11-05,1933-11-07,elected,term_expired,87,Lerwick Town Council Election November 1929,1,Not among those retiring in 1932 while Provost (Shetland Times preview of the 1 Nov 1932 election: retiring members Bruce A. S. Manson Morrison Sandison and ex-Provost R. D. Ganson); retiring in 1933 per Shetland Times preview of the 7 Nov 1933 election. Took the retirement year of William Bruce's 1930 seat
james-laing,James Laing,1930-11-04,1933-11-07,elected,term_expired,88,Lerwick Town Council Election November 1930,1,Shetland Times preview of the 7 Nov 1933 election (retiring: W. Sinclair Ollason Laing J. T. J. Sinclair)
john-sinclair,John Sinclair,1930-11-04,1933-11-07,elected,term_expired,88,Lerwick Town Council Election November 1930,1,Shetland Times preview of the 7 Nov 1933 election (retiring: W. Sinclair Ollason Laing J. T. J. Sinclair)
robert-ollason,Robert Ollason,1930-11-04,1933-11-07,elected,term_expired,88,Lerwick Town Council Election November 1930,1,Shetland Times preview of the 7 Nov 1933 election (retiring: W. Sinclair Ollason Laing J. T. J. Sinclair)
william-bruce-ii,William Bruce (ii),1930-11-04,1932-11-01,elected,retired,88,Lerwick Town Council Election November 1930,1,Shetland Times preview of the 1 Nov 1932 election: retiring members Bruce A. S. Manson Morrison Sandison and ex-Provost R. D. Ganson. Retired a year early in place of Provost William Sinclair (elected 1929) who stayed on; stood again and lost
george-duffin,George Duffin,1931-11-03,1934-11-06,elected,term_expired,89,Lerwick Town Council Election November 1931,1,Shetland Times preview of the 6 Nov 1934 election (retiring by rotation: Cogle Duffin M. L. Manson; plus Johnston resigned and Sandison died)
john-campbell-i,John Campbell (i),1931-11-03,1932-06-07,elected,replaced,89,Lerwick Town Council Election November 1931,0,
laurence-cogle,Laurence Andrew Cogle,1931-11-03,1934-11-06,elected,term_expired,89,Lerwick Town Council Election November 1931,1,Shetland Times preview of the 6 Nov 1934 election (retiring by rotation: Cogle Duffin M. L. Manson; plus Johnston resigned and Sandison died)
magnus-manson,Magnus Manson,1931-11-03,1934-11-06,elected,term_expired,89,Lerwick Town Council Election November 1931,1,Shetland Times preview of the 6 Nov 1934 election (retiring by rotation: Cogle Duffin M. L. Manson; plus Johnston resigned and Sandison died)
james-morrison,James Morrison,1932-06-07,1932-11-01,by-election,term_expired,90,Lerwick Town Council By-Election June 1932,0,
alexander-manson,Alexander Manson,1932-11-01,1935-11-05,elected,term_expired,91,Lerwick Town Council Election November 1932,1,Shetland Times 2 Nov 1935 (retiring: Morrison Ganson A. S. Manson Mrs Nicol)
james-morrison,James Morrison,1932-11-01,1935-11-05,elected,term_expired,91,Lerwick Town Council Election November 1932,1,Shetland Times 2 Nov 1935 (retiring: Morrison Ganson A. S. Manson Mrs Nicol)
laurence-sandison,Laurence Sandison,1932-11-01,1934-09-30,elected,died,91,Lerwick Town Council Election November 1932,1,Killed in a motor accident near Voe on Sunday 30 Sep 1934 (Shetland Times 6 Oct 1934); the Clerk said at the meeting of Tue 9 Oct 1934 that he was also due to retire in Nov 1934 (Shetland Times 13 Oct 1934). Vacancy left to the 6 Nov 1934 general
robert-ganson-ii,Robert Ganson (ii),1932-11-01,1935-11-05,elected,term_expired,91,Lerwick Town Council Election November 1932,1,Shetland Times 2 Nov 1935 (retiring: Morrison Ganson A. S. Manson Mrs Nicol)
thomas-johnston-ii,Thomas Johnston (ii),1932-11-01,1934-10-09,elected,resigned,91,Lerwick Town Council Election November 1932,1,Letter resigning through ill-health read at the monthly meeting of Tue 9 Oct 1934 (Shetland Times 13 Oct 1934). The Clerk listed him among those due to retire in Nov 1934 so his 1932 seat was a two-year one; the 3 Nov 1934 preview gives his resignation as one of the five vacancies. Had six months leave for illness from Nov 1933 (Shetland Times 18 Nov 1933)
adam-halcrow-i,Adam Halcrow (i),1933-11-07,1936-11-03,elected,term_expired,92,Lerwick Town Council Election November 1933,1,Shetland Times preview of the 3 Nov 1936 election (retiring: Halcrow Ollason C. A. Manson; co-opted Irvine and T. A. Sinclair)
charles-manson,Charles Manson,1933-11-07,1936-11-03,elected,term_expired,92,Lerwick Town Council Election November 1933,1,Shetland Times preview of the 3 Nov 1936 election (retiring: Halcrow Ollason C. A. Manson; co-opted Irvine and T. A. Sinclair)
charlotte-nicol,Charlotte Nicol,1933-11-07,1935-11-05,elected,term_expired,92,Lerwick Town Council Election November 1933,1,Shetland Times 2 Nov 1935 (retiring: Morrison Ganson A. S. Manson Mrs Nicol); not among those retiring in 1936. A two-year seat: 4th of 4 in 1933
robert-ollason,Robert Ollason,1933-11-07,1936-11-03,elected,term_expired,92,Lerwick Town Council Election November 1933,1,Shetland Times preview of the 3 Nov 1936 election (retiring: Halcrow Ollason C. A. Manson; co-opted Irvine and T. A. Sinclair)
james-smith-i,James Smith (i),1934-11-06,1941-07-01,elected,resigned,93,Lerwick Town Council Election November 1934,1,"Town Council meeting of 5 Oct 1937 (Shetland Times 9 Oct 1937): the Clerk intimated that Bailie Robertson and Councillors Dalziel and Laurenson, elected in 1934, retired by rotation; that, as the Provost was not retiring at this time, Mrs Nicol, after two years, had to retire; and Councillor Clausen retired as a co-opted member. Profile: councillor 1934-1941 and Provost until his resignation in 1941; replaced at the July 1941 by-election; his letter giving three weeks notice of resignation as Councillor and Provost was accepted at the meeting of Tue 3 Jun 1941 (ST 7 Jun 1941); Johnson co-opted to the vacancy Tue 1 Jul 1941 (ST 5 Jul 1941)"
john-robertson-iv,John Robertson (iv),1934-11-06,1937-11-02,elected,term_expired,93,Lerwick Town Council Election November 1934,1,Shetland Times 30 Oct 1937 (retiring: Mrs Nicol Clausen Dalziel Laurenson J. W. Robertson)
laurence-cogle,Laurence Andrew Cogle,1934-11-06,1936-05-05,elected,resigned,93,Lerwick Town Council Election November 1934,1,Resigned at the monthly meeting of Tue 5 May 1936 over the water question and refused to reconsider (Shetland Times 9 May 1936); T. A. Sinclair co-opted in his room 7 Jul 1936 (Shetland Times 11 Jul 1936)
laurence-laurenson-iii,Laurence Laurenson (iii),1934-11-06,1937-11-02,elected,term_expired,93,Lerwick Town Council Election November 1934,1,Shetland Times 30 Oct 1937 (retiring: Mrs Nicol Clausen Dalziel Laurenson J. W. Robertson)
peter-dalziel,Peter Dalziel,1934-11-06,1937-11-02,elected,term_expired,93,Lerwick Town Council Election November 1934,1,Shetland Times 30 Oct 1937 (retiring: Mrs Nicol Clausen Dalziel Laurenson J. W. Robertson)
alexander-manson,Alexander Manson,1935-11-05,1938-07-22,elected,died,94,Lerwick Town Council Election November 1935,1,Died suddenly on Friday afternoon 22 Jul 1938 (Shetland Times 30 Jul 1938); Williamson co-opted 18 Aug 1938 (Shetland Times 27 Aug 1938)
charlotte-nicol,Charlotte Nicol,1935-11-05,1937-11-02,elected,term_expired,94,Lerwick Town Council Election November 1935,1,"Town Council meeting of 5 Oct 1937 (Shetland Times 9 Oct 1937): the Clerk intimated that Bailie Robertson and Councillors Dalziel and Laurenson, elected in 1934, retired by rotation; that, as the Provost was not retiring at this time, Mrs Nicol, after two years, had to retire; and Councillor Clausen retired as a co-opted member"
george-duffin,George Duffin,1935-11-05,1936-06-28,elected,died,94,Lerwick Town Council Election November 1935,1,Died on Sunday morning 28 Jun 1936 (Shetland Times 4 Jul 1936); filling his seat deferred to the August meeting (Shetland Times 11 Jul 1936)
robert-ganson-ii,Robert Ganson (ii),1935-11-05,1938-11-01,elected,term_expired,94,Lerwick Town Council Election November 1935,1,Retiring and re-elected at the 5 Nov 1935 general (Shetland Times 2 Nov 1935); retiring again in 1938 (Shetland Times preview of the 1 Nov 1938 election: Dalziel Ganson Irvine Shearer and Williamson)
thomas-sinclair,Thomas Sinclair,1936-07-07,1936-11-03,by-election,term_expired,95,Lerwick Town Council By-Election July 1936,1,Co-opted at the monthly meeting of Tue 7 Jul 1936 in room of L. A. Cogle as the highest unsuccessful candidate at the last election (Shetland Times 11 Jul 1936); retiring as co-opted at the 3 Nov 1936 general (Shetland Times preview)
thomas-irvine-ii,Thomas Irvine (ii),1936-08-04,1936-11-03,by-election,term_expired,96,Lerwick Town Council By-Election August 1936,1,Co-opted at the monthly meeting of Tue 4 Aug 1936 for the late ex-Bailie Duffin (Shetland Times 8 Aug 1936); retiring as co-opted at the 3 Nov 1936 general (Shetland Times preview)
adam-halcrow-i,Adam Halcrow (i),1936-11-03,1940-12-24,elected,died,97,Lerwick Town Council Election November 1936,1,Retiring and returned unopposed at the 3 Nov 1936 general (Shetland Times preview); died suddenly at home late on Tuesday 24 Dec 1940 while a member of the Town Council (Shetland Times 28 Dec 1940); Williamson co-opted for him on Tue 7 Jan 1941 (Shetland Times 11 Jan 1941)
magnus-shearer-i,Magnus Shearer (i),1936-11-03,1938-11-01,elected,term_expired,97,Lerwick Town Council Election November 1936,1,Shetland Times preview of the 1 Nov 1938 election: the five retiring councillors are Dalziel Ganson Irvine Shearer and Williamson. A two-year seat from the uncontested 1936 election; probably retired in place of Provost Smith as Nicol did in 1937
thomas-irvine-ii,Thomas Irvine (ii),1936-11-03,1938-11-01,elected,term_expired,97,Lerwick Town Council Election November 1936,1,Shetland Times preview of the 1 Nov 1938 election: the five retiring councillors are Dalziel Ganson Irvine Shearer and Williamson. His 1936 win kept Duffin's seat (elected 1935) which was due in 1938
thomas-sinclair,Thomas Sinclair,1936-11-03,1937-10-05,elected,resigned,97,Lerwick Town Council Election November 1936,1,"Resigned at the Town Council meeting of Tuesday 5 Oct 1937, having moved to Ollaberry (Shetland Times 9 Oct 1937)"
erling-clausen,Erling Clausen,1936-11-10,1937-11-02,by-election,term_expired,98,Lerwick Town Council By-Election November 1936,1,Co-opted at the meeting after the statutory meeting on Tue 10 Nov 1936 to fill the seat left empty by the uncontested 3 Nov general (Shetland Times 14 Nov 1936); retired as a co-opted member in Nov 1937 (Shetland Times 9 Oct 1937)
erling-clausen,Erling Clausen,1937-11-02,1938-01-04,elected,resigned,99,Lerwick Town Council Election November 1937,1,Elected 2 Nov 1937 (Shetland Times 6 Nov 1937); resignation letter read at the monthly meeting of Tue 4 Jan 1938 having taken up duty in the South (Shetland Times 8 Jan 1938; superintendent at Thurso per Shetland Times 1 Jan 1938)
james-aitken,James Aitken,1937-11-02,1946-11-04,elected,term_expired,99,Lerwick Town Council Election November 1937,1,ST 4 Oct 1946 (retiring: Aitken Dalziel W. Anderson Johnson in Laing's place and Sinclair)
james-laing,James Laing,1937-11-02,1945-11-29,elected,resigned,99,Lerwick Town Council Election November 1937,1,Elected 2 Nov 1937 (Shetland Times 6 Nov 1937); his letter of retiral from the Council to come into force on 29 Nov 1945 (Shetland Times 16 Nov 1945); Johnston co-opted Mon 10 Dec 1945 (Shetland Times 14 Dec 1945)
joseph-linklater,Joseph Linklater,1937-11-02,1941-08-16,elected,resigned,99,Lerwick Town Council Election November 1937,1,ST 9 Aug 1941 (his letter of 26 Jul resigned three weeks from that date) and ST 11 Oct 1941 (Gear and Inkster co-opted for Linklater and Irvine)
william-anderson-i,William Anderson (i),1937-11-02,1946-11-04,elected,term_expired,99,Lerwick Town Council Election November 1937,1,ST 4 Oct 1946 (retiring: Aitken Dalziel W. Anderson Johnson in Laing's place and Sinclair)
william-smith-iii,William Smith (iii),1937-11-02,1942-02-28,elected,died,99,Lerwick Town Council Election November 1937,1,Elected 2 Nov 1937 (Shetland Times 6 Nov 1937); Junior Bailie W. G. Smith died in hospital in Glasgow on Saturday 28 Feb 1942 (Shetland Times 7 Mar 1942)
peter-dalziel,Peter Dalziel,1938-02-01,1938-11-01,by-election,term_expired,100,Lerwick Town Council By-Election February 1938,1,Co-opted in place of Clausen resigned at the monthly meeting of Tue 1 Feb 1938 (Shetland Times 5 Feb 1938); retiring at the 1 Nov 1938 general (Shetland Times preview: Dalziel Ganson Irvine Shearer and Williamson)
john-williamson-iii,John Williamson (iii),1938-08-18,1938-11-01,by-election,term_expired,1275,Lerwick Town Council By-Election August 1938,1,Co-opted at a special meeting on 18 Aug 1938 in place of the late A. S. Manson (Shetland Times 27 Aug 1938); retiring as a co-opted member at the 1 Nov 1938 general (Shetland Times 29 Oct 1938); lost
magnus-shearer-i,Magnus Shearer (i),1938-11-01,1947-06-03,elected,resigned,101,Lerwick Town Council Election November 1938,1,Elected 1 Nov 1938 at the top of the poll (ST 5 Nov 1938); ST 6 Jun 1947 (resignation reported at the monthly meeting of Tue 3 Jun: appointed county councillor for Whalsay; vacancy to be filled in July)
peter-dalziel,Peter Dalziel,1938-11-01,1946-11-04,elected,term_expired,101,Lerwick Town Council Election November 1938,1,ST 4 Oct 1946 (retiring: Aitken Dalziel W. Anderson Johnson in Laing's place and Sinclair)
robert-ganson-ii,Robert Ganson (ii),1938-11-01,1947-11-04,elected,term_expired,101,Lerwick Town Council Election November 1938,1,ST 10 Oct 1947 (standing down: R. A. Anderson Ganson Morrison and Dalziel co-opted for Shearer)
peter-dalziel,Peter Dalziel,1947-07-01,1947-11-04,by-election,term_expired,,,1,ST 4 Jul 1947 p5 (co-opted for Shearer at the monthly meeting on Tuesday 1 Jul); ST 10 Oct 1947 (retires Nov 1947)
thomas-irvine-ii,Thomas Irvine (ii),1938-11-01,1941-08-05,elected,resigned,101,Lerwick Town Council Election November 1938,1,ST 9 Aug 1941 (resignation accepted at the meeting of Tue 5 Aug 1941) and ST 11 Oct 1941 (Gear and Inkster co-opted for Linklater and Irvine)
william-sinclair,William Sinclair,1938-11-01,1940-06-04,elected,resigned,101,Lerwick Town Council Election November 1938,1,Elected 1 Nov 1938 (ST 5 Nov 1938); resignation in writing at the special meeting of Fri 24 May 1940 and asked to reconsider (ST 25 May 1940); adhered to it and the seat was declared vacant at the June monthly meeting (ST 8 Jun 1940; the day is garbled in the OCR and taken as Tue 4 Jun)
andrew-mouat,Andrew Mouat,1940-07-02,1945-11-06,by-election,term_expired,102,Lerwick Town Council By-Election August 1940,1,Co-opted for W. Sinclair as the highest unsuccessful candidate of 1938 at the meeting of Tue 2 Jul 1940 (ST 13 Jul 1940); ST 5 Oct 1945 (retiring at the 6 Nov 1945 general: the six co-opted members Mouat J. A. Williamson Johnson T. A. Sinclair R. A. Anderson and Morrison)
john-williamson-iii,John Williamson (iii),1941-01-07,1945-11-06,by-election,term_expired,103,Lerwick Town Council By-Election January 1941,1,Co-opted for the late Captain Halcrow at the meeting of Tue 7 Jan 1941 as the next highest unsuccessful candidate (Shetland Times 11 Jan 1941). End date not checked; ST 5 Oct 1945 (retiring at the 6 Nov 1945 general: the six co-opted members Mouat J. A. Williamson Johnson T. A. Sinclair R. A. Anderson and Morrison)
arthur-johnson,Arthur Johnson,1941-07-01,1945-11-06,by-election,term_expired,104,Lerwick Town Council By-Election July 1941,1,Co-opted to fill the vacancy of Provost J. A. Smith at the meeting of Tue 1 Jul 1941 (ST 5 Jul 1941); ST 5 Oct 1945 (retiring at the 6 Nov 1945 general: the six co-opted members Mouat J. A. Williamson Johnson T. A. Sinclair R. A. Anderson and Morrison)
charles-inkster,Charles Inkster,1941-10-07,1944-10-03,by-election,resigned,105,Lerwick Town Council By-Election October 1941,1,Co-opted at the meeting of Tue 7 Oct 1941 (ST 11 Oct 1941); his letter resigning on leaving for the south read at the meeting of Tue 3 Oct 1944 (ST 6 Oct 1944)
john-gear,John Gear,1941-10-07,1943-02-02,by-election,resigned,105,Lerwick Town Council By-Election October 1941,1,Co-opted at the meeting of Tue 7 Oct 1941 (ST 11 Oct 1941); his letter resigning on his appointment as postmaster at Lyness read at the monthly meeting of Tue 2 Feb 1943 (ST 6 Feb 1943)
thomas-sinclair,Thomas Sinclair,1942-03-31,1945-11-06,by-election,term_expired,106,Lerwick Town Council By-Election April 1942,1,Co-opted at a special meeting on Tue 31 Mar 1942 (ST 4 Apr 1942); ST 5 Oct 1945 (retiring at the 6 Nov 1945 general: the six co-opted members Mouat J. A. Williamson Johnson T. A. Sinclair R. A. Anderson and Morrison)
robert-anderson-i,Robert Anderson (i),1943-02-11,1945-11-06,by-election,term_expired,107,Lerwick Town Council By-Election February 1943,1,Co-opted for John Gear at the special meeting of Thu 11 Feb 1943 (ST 13 Feb 1943); ST 5 Oct 1945 (retiring at the 6 Nov 1945 general: the six co-opted members Mouat J. A. Williamson Johnson T. A. Sinclair R. A. Anderson and Morrison)
prophet-smith,Prophet Smith,1944-11-07,1945-01-09,by-election,resigned,108,Lerwick Town Council By-Election November 1944,1,Co-opted for Charles Inkster at the November meeting of Tue 7 Nov 1944 (ST 10 Nov 1944); his letter dated 2 Jan 1945 resigning on leaving for Greenock read at the monthly meeting of Tue 9 Jan 1945 (ST 12 Jan 1945)
alexander-morrison,Alexander Morrison,1945-02-06,1945-11-06,by-election,term_expired,109,Lerwick Town Council By-Election February 1945,1,Co-opted for Prophet Smith at the monthly meeting of Tue 6 Feb 1945 (ST 9 Feb 1945); ST 5 Oct 1945 (retiring at the 6 Nov 1945 general: the six co-opted members Mouat J. A. Williamson Johnson T. A. Sinclair R. A. Anderson and Morrison)
alexander-morrison,Alexander Morrison,1945-11-06,1947-11-04,elected,term_expired,110,Lerwick Town Council Election November 1945,1,ST 10 Oct 1947 (standing down: R. A. Anderson Ganson Morrison and Dalziel co-opted for Shearer): the two lowest winners of 1945 retired after two years
david-gray-ii,David Gray (ii),1945-11-06,1946-03-04,elected,died,110,Lerwick Town Council Election November 1945,0,
james-peterson,James Peterson,1945-11-06,1949-05-03,elected,term_expired,110,Lerwick Town Council Election November 1945,1,ST 11 Mar 1949 (retiring: L. W. Smith Peterson W. S. Anderson and Johnson; Ollason kept on two years as Treasurer)
laurence-smith,Laurence Smith,1945-11-06,1949-05-03,elected,term_expired,110,Lerwick Town Council Election November 1945,1,ST 11 Mar 1949 (retiring: L. W. Smith Peterson W. S. Anderson and Johnson; Ollason kept on two years as Treasurer)
robert-anderson-i,Robert Anderson (i),1945-11-06,1947-11-04,elected,term_expired,110,Lerwick Town Council Election November 1945,1,ST 10 Oct 1947 (standing down: R. A. Anderson Ganson Morrison and Dalziel co-opted for Shearer): the two lowest winners of 1945 retired after two years
robert-ollason,Robert Ollason,1945-11-06,1951-05-01,elected,term_expired,110,Lerwick Town Council Election November 1945,1,ST 11 Mar 1949 (retiring: L. W. Smith Peterson W. S. Anderson and Johnson; Ollason kept on two years as Treasurer) and ST 13 Apr 1951 (retiring: Blance Inkster Morrison Ollason; Provost Anderson stayed on)
arthur-johnson,Arthur Johnson,1945-12-10,1946-11-04,by-election,term_expired,111,Lerwick Town Council By-Election December 1945,1,Elected to fill the vacancy left by the retiral of ex-Provost Laing at the meeting of Monday 10 Dec 1945 (Shetland Times 14 Dec 1945); retiring in place of Laing in 1946 (ST 4 Oct 1946)
thomas-sinclair,Thomas Sinclair,1946-05-22,1946-11-04,by-election,term_expired,112,Lerwick Town Council By-Election May 1946,0,
arthur-johnson,Arthur Johnson,1946-11-04,1949-05-03,elected,term_expired,113,Lerwick Town Council Election November 1946,1,ST 11 Mar 1949 (retiring: L. W. Smith Peterson W. S. Anderson and Johnson; Ollason kept on two years as Treasurer): the two lowest winners of 1946
george-burgess,George Burgess,1946-11-04,1950-05-02,elected,term_expired,113,Lerwick Town Council Election November 1946,1,ST 17 Mar 1950 (retiring: Aitken Burgess J. D. Williamson and Johnson)
james-aitken,James Aitken,1946-11-04,1950-05-02,elected,term_expired,113,Lerwick Town Council Election November 1946,1,ST 17 Mar 1950 (retiring: Aitken Burgess J. D. Williamson and Johnson)
james-brownlie,James Brownlie,1946-11-04,1949-09-13,elected,replaced,113,Lerwick Town Council Election November 1946,0,
william-anderson-i,William Anderson (i),1946-11-04,1949-05-03,elected,term_expired,113,Lerwick Town Council Election November 1946,1,ST 11 Mar 1949 (retiring: L. W. Smith Peterson W. S. Anderson and Johnson; Ollason kept on two years as Treasurer): the two lowest winners of 1946
alexander-morrison,Alexander Morrison,1947-11-04,1951-05-01,elected,term_expired,114,Lerwick Town Council Election November 1947,1,ST 13 Apr 1951 (retiring: Blance Inkster Morrison Ollason; Provost Anderson stayed on)
james-williamson,James Williamson,1947-11-04,1950-05-02,elected,term_expired,114,Lerwick Town Council Election November 1947,1,ST 17 Mar 1950 (retiring: Aitken Burgess J. D. Williamson and Johnson)
john-inkster-ii,John Inkster (ii),1947-11-04,1951-05-01,elected,term_expired,114,Lerwick Town Council Election November 1947,1,ST 13 Apr 1951 (retiring: Blance Inkster Morrison Ollason; Provost Anderson stayed on)
robert-anderson-i,Robert Anderson (i),1947-11-04,1953-05-05,elected,term_expired,114,Lerwick Town Council Election November 1947,1,ST 13 Apr 1951 (retiring: Blance Inkster Morrison Ollason; Provost Anderson stayed on) and ST 13 Mar 1953 (retiring: Provost R. A. Anderson Aitken Burgess J. D. Williamson)
james-jamieson-ii,James Jamieson (ii),1949-05-03,1950-09-12,elected,replaced,115,Lerwick Town Council Election May 1949,0,
james-peterson,James Peterson,1949-05-03,1952-05-06,elected,term_expired,115,Lerwick Town Council Election May 1949,1,ST 18 Apr 1952 (retiring: Peterson Johnson W. S. Anderson Conochie)
william-anderson-i,William Anderson (i),1949-05-03,1952-05-06,elected,term_expired,115,Lerwick Town Council Election May 1949,1,ST 18 Apr 1952 (retiring: Peterson Johnson W. S. Anderson Conochie)
william-conochie,William Conochie,1949-05-03,1952-05-06,elected,term_expired,115,Lerwick Town Council Election May 1949,1,ST 18 Apr 1952 (retiring: Peterson Johnson W. S. Anderson Conochie)
arthur-johnson,Arthur Johnson,1949-09-13,1950-05-02,by-election,term_expired,116,Lerwick Town Council By-Election September 1949,1,ST 17 Mar 1950 (retiring: Aitken Burgess J. D. Williamson and Johnson) as a co-opted member
arthur-johnson,Arthur Johnson,1950-05-02,1952-05-06,elected,term_expired,117,Lerwick Town Council Election May 1950,1,ST 18 Apr 1952 (retiring: Peterson Johnson W. S. Anderson Conochie)
george-burgess,George Burgess,1950-05-02,1953-05-05,elected,term_expired,117,Lerwick Town Council Election May 1950,1,ST 13 Mar 1953 (retiring: Provost R. A. Anderson Aitken Burgess J. D. Williamson)
james-aitken,James Aitken,1950-05-02,1953-05-05,elected,term_expired,117,Lerwick Town Council Election May 1950,1,ST 13 Mar 1953 (retiring: Provost R. A. Anderson Aitken Burgess J. D. Williamson)
james-williamson,James Williamson,1950-05-02,1953-05-05,elected,term_expired,117,Lerwick Town Council Election May 1950,1,ST 13 Mar 1953 (retiring: Provost R. A. Anderson Aitken Burgess J. D. Williamson)
robert-blance,Robert Blance,1950-09-12,1951-05-01,by-election,term_expired,118,Lerwick Town Council By-Election September 1950,1,ST 13 Apr 1951 (retiring: Blance Inkster Morrison Ollason; Provost Anderson stayed on) as a co-opted member
alexander-morrison,Alexander Morrison,1951-05-01,1954-05-04,elected,term_expired,119,Lerwick Town Council Election May 1951,1,ST 13 Apr 1951 (nominations of the four retiring members) and ST 7 May 1954 (result)
john-inkster-ii,John Inkster (ii),1951-05-01,1954-05-04,elected,term_expired,119,Lerwick Town Council Election May 1951,1,ST 13 Apr 1951 (nominations of the four retiring members) and ST 7 May 1954 (result)
robert-blance,Robert Blance,1951-05-01,1954-05-04,elected,term_expired,119,Lerwick Town Council Election May 1951,1,ST 13 Apr 1951 (nominations of the four retiring members) and ST 7 May 1954 (result)
robert-ollason,Robert Ollason,1951-05-01,1954-05-04,elected,term_expired,119,Lerwick Town Council Election May 1951,1,ST 13 Apr 1951 (nominations of the four retiring members) and ST 7 May 1954 (result)
arthur-johnson,Arthur Johnson,1952-05-06,1955-05-03,elected,term_expired,120,Lerwick Town Council Election May 1952,0,
james-peterson,James Peterson,1952-05-06,1955-05-03,elected,term_expired,120,Lerwick Town Council Election May 1952,0,
james-tait,James Tait,1952-05-06,1955-05-03,elected,term_expired,120,Lerwick Town Council Election May 1952,0,
william-conochie,William Conochie,1952-05-06,1955-05-03,elected,term_expired,120,Lerwick Town Council Election May 1952,0,
george-burgess,George Burgess,1953-05-05,1956-05-01,elected,term_expired,121,Lerwick Town Council Election May 1953,0,
harry-gray,Harry Gray,1953-05-05,1956-05-01,elected,term_expired,121,Lerwick Town Council Election May 1953,0,
john-eunson,John Eunson,1953-05-05,1956-05-01,elected,term_expired,121,Lerwick Town Council Election May 1953,0,
robert-anderson-i,Robert Anderson (i),1953-05-05,1956-05-01,elected,term_expired,121,Lerwick Town Council Election May 1953,0,
alexander-morrison,Alexander Morrison,1954-05-04,1957-05-07,elected,term_expired,122,Lerwick Town Council Election May 1954,1,ST 7 May 1954 (result) and ST 19 Apr 1957 (the four retiring members)
grace-halcrow,Grace Halcrow,1954-05-04,1955-04-26,elected,resigned,122,Lerwick Town Council Election May 1954,1,ST 13 May 1955 (resigned from 26 Apr 1955 to become county councillor)
robert-blance,Robert Blance,1954-05-04,1957-05-07,elected,term_expired,122,Lerwick Town Council Election May 1954,1,ST 7 May 1954 (result) and ST 19 Apr 1957 (the four retiring members)
robert-ollason,Robert Ollason,1954-05-04,1957-05-07,elected,term_expired,122,Lerwick Town Council Election May 1954,1,ST 7 May 1954 (result) and ST 19 Apr 1957 (the four retiring members)
andrew-nicolson,Andrew Nicolson,1955-05-03,1957-05-07,elected,term_expired,123,Lerwick Town Council Election May 1955,1,ST 19 Apr 1957 (one of the four retiring in 1957)
james-daniel,James Daniel,1955-05-03,1958-05-06,elected,term_expired,123,Lerwick Town Council Election May 1955,1,ST 14 Mar 1958 (retires 1958 as longest on the council)
james-tait,James Tait,1955-05-03,1958-05-06,elected,term_expired,123,Lerwick Town Council Election May 1955,1,ST 14 Mar 1958 (retires 1958 as longest on the council)
william-conochie,William Conochie,1955-05-03,1959-05-05,elected,term_expired,123,Lerwick Town Council Election May 1955,1,ST 14 Mar 1958 and 13 Mar 1959 (Provost from 1956; retires 1959 after four years)
arthur-johnson,Arthur Johnson,1955-05-06,1956-05-01,by-election,term_expired,124,Lerwick Town Council By-Election May 1955,1,ST 13 May 1955 (co-opted); ST 16 Mar 1956 (retires 1956 as a co-opted member)
arthur-johnson,Arthur Johnson,1956-05-01,1958-05-06,elected,term_expired,125,Lerwick Town Council Election May 1956,1,ST 16 Mar 1956; ST 14 Mar 1958 (drawn by lot to retire 1958)
george-burgess,George Burgess,1956-05-01,1958-05-06,elected,term_expired,125,Lerwick Town Council Election May 1956,1,ST 16 Mar 1956; ST 14 Mar 1958 (drawn by lot to retire 1958)
harry-gray,Harry Gray,1956-05-01,1959-05-05,elected,term_expired,125,Lerwick Town Council Election May 1956,1,ST 16 Mar 1956; ST 13 Mar 1959 (retires 1959)
john-eunson,John Eunson,1956-05-01,1958-01-14,elected,resigned,125,Lerwick Town Council Election May 1956,1,ST 17 Jan 1958 (resignation accepted Tue 14 Jan 1958)
robert-anderson-i,Robert Anderson (i),1956-05-01,1959-05-05,elected,term_expired,125,Lerwick Town Council Election May 1956,1,ST 16 Mar 1956; ST 13 Mar 1959 (retires 1959)
alexander-morrison,Alexander Morrison,1957-05-07,1960-05-03,elected,term_expired,126,Lerwick Town Council Election May 1957,1,ST 19 Apr 1957; ST 15 Apr 1960 (retires 1960)
andrew-nicolson,Andrew Nicolson,1957-05-07,1959-05-05,elected,term_expired,126,Lerwick Town Council Election May 1957,1,ST 19 Apr 1957 (nominations: Blance Morrison Nicolson Ollason); ST 13 Mar 1959 (retires 1959 by lot)
robert-blance,Robert Blance,1957-05-07,1962-05-01,elected,term_expired,126,Lerwick Town Council Election May 1957,1,ST 19 Apr 1957; ST 16 Mar 1962 (Provost from 1959; retires 1962)
robert-ollason,Robert Ollason,1957-05-07,1960-05-03,elected,term_expired,126,Lerwick Town Council Election May 1957,1,ST 19 Apr 1957; ST 15 Apr 1960 (retires 1960 and does not re-stand)
eric-gray,Eric Gray,1958-05-06,1960-05-03,elected,term_expired,127,Lerwick Town Council Election May 1958,1,ST 15 Apr 1960 (retires 1960)
george-burgess,George Burgess,1958-05-06,1961-05-02,elected,term_expired,127,Lerwick Town Council Election May 1958,1,ST 17 Mar 1961 (retires 1961)
james-daniel,James Daniel,1958-05-06,1960-05-03,elected,term_expired,127,Lerwick Town Council Election May 1958,1,ST 15 Apr 1960 (retires 1960)
james-tait,James Tait,1958-05-06,1958-06-24,elected,resigned,127,Lerwick Town Council Election May 1958,1,ST 6 Jun 1958 (resignation intimated); ST 20 Jun 1958 (formal resignation at the meeting of Tue 17 Jun 1958; he left Lerwick a Bailie as no successor was appointed until Tue 24 Jun)
magnus-sandison,Magnus Sandison,1958-05-06,1959-08-11,elected,resigned,127,Lerwick Town Council Election May 1958,1,ST 14 Aug 1959 (resignation letter at the meeting of Tue 11 Aug 1959)
arthur-johnson,Arthur Johnson,1958-06-24,1959-05-05,by-election,term_expired,128,Lerwick Town Council By-Election June 1958,1,ST 27 Jun 1958 (co-opted at special meeting of Tue 24 Jun 1958); ST 13 Mar 1959 (retires 1959 as co-opted)
andrew-nicolson,Andrew Nicolson,1959-05-05,1962-05-01,elected,term_expired,129,Lerwick Town Council Election May 1959,1,ST 16 Mar 1962 (retires 1962)
arthur-johnson,Arthur Johnson,1959-05-05,1961-05-02,elected,term_expired,129,Lerwick Town Council Election May 1959,1,ST 17 Mar 1961 (retires 1961)
robert-anderson-i,Robert Anderson (i),1959-05-05,1962-05-01,elected,term_expired,129,Lerwick Town Council Election May 1959,1,ST 16 Mar 1962 (retires 1962)
robert-strachan,Robert Strachan,1959-05-05,1961-05-02,elected,term_expired,129,Lerwick Town Council Election May 1959,1,ST 17 Mar 1961 (retires 1961)
william-conochie,William Conochie,1959-05-05,1961-05-02,elected,term_expired,129,Lerwick Town Council Election May 1959,1,ST 17 Mar 1961 (retires 1961)
harry-gray,Harry Gray,1959-09-03,1960-05-03,by-election,term_expired,130,Lerwick Town Council By-Election September 1959,1,ST 11 Sep 1959 (co-opted Thu 3 Sep 1959); ST 15 Apr 1960 (retires 1960)
alexander-morrison,Alexander Morrison,1960-05-03,1963-05-07,elected,term_expired,131,Lerwick Town Council Election May 1960,1,ST 19 Apr 1963 (retires 1963)
eric-gray,Eric Gray,1960-05-03,1963-05-07,elected,term_expired,131,Lerwick Town Council Election May 1960,1,ST 19 Apr 1963 (retires 1963)
harry-gray,Harry Gray,1960-05-03,1965-05-04,elected,term_expired,131,Lerwick Town Council Election May 1960,1,ST 19 Apr 1963 (not retiring); ST 16 Apr 1965 (retires 1965)
james-daniel,James Daniel,1960-05-03,1962-07-01,elected,resigned,131,Lerwick Town Council Election May 1960,0,"Month precision only: resigned in July 1962 (day not found; still active on council committees ST 15 Jun 1962; ""recently submitted his resignation"" ST 10 Aug 1962; Shearer co-opted Tue 7 Aug)"
james-paton-i,James Paton (i),1960-05-03,1962-05-01,elected,term_expired,131,Lerwick Town Council Election May 1960,1,ST 16 Mar 1962 (lowest successful candidate in 1960; retires 1962)
andrew-anderson,Andrew Anderson,1961-05-02,1964-05-05,elected,term_expired,132,Lerwick Town Council Election May 1961,1,ST 17 Apr 1964 (retires 1964)
kenneth-thomson,Kenneth Thomson,1961-05-02,1961-05-05,elected,resigned,132,Lerwick Town Council Election May 1961,1,ST 12 May 1961 (ineligible; resigned at the statutory meeting of Fri 5 May 1961)
peter-robertson,Peter Robertson,1961-05-02,1964-05-05,elected,term_expired,132,Lerwick Town Council Election May 1961,1,ST 17 Apr 1964 (retires 1964)
william-conochie,William Conochie,1961-05-02,1963-05-07,elected,term_expired,132,Lerwick Town Council Election May 1961,1,ST 19 Apr 1963 (retires 1963 and does not re-stand)
robert-strachan,Robert Strachan,1961-06-13,1962-05-01,by-election,term_expired,133,Lerwick Town Council By-Election May 1961,1,ST 16 Jun 1961 (co-opted at the meeting of Tue 13 Jun 1961); ST 16 Mar 1962 (retires 1962)
andrew-nicolson,Andrew Nicolson,1962-05-01,1965-05-04,elected,term_expired,134,Lerwick Town Council Election May 1962,1,ST 16 Apr 1965 (retires 1965)
arthur-johnson,Arthur Johnson,1962-05-01,1964-05-05,elected,term_expired,134,Lerwick Town Council Election May 1962,1,ST 17 Apr 1964 (retires 1964)
james-paton-i,James Paton (i),1962-05-01,1965-05-04,elected,term_expired,134,Lerwick Town Council Election May 1962,1,ST 16 Apr 1965 (retires 1965)
james-taylor,James Taylor,1962-05-01,1964-05-05,elected,term_expired,134,Lerwick Town Council Election May 1962,1,ST 17 Apr 1964 (retires 1964)
robert-anderson-i,Robert Anderson (i),1962-05-01,1965-05-04,elected,term_expired,134,Lerwick Town Council Election May 1962,1,ST 16 Apr 1965 (retires 1965)
magnus-shearer-ii,Magnus Shearer (ii),1962-08-07,1963-05-07,by-election,term_expired,135,Lerwick Town Council By-Election August 1962,1,ST 10 Aug 1962 (co-opted for Daniel); ST 19 Apr 1963 (retires 1963)
alexander-morrison,Alexander Morrison,1963-05-07,1966-05-03,elected,term_expired,136,Lerwick Town Council Election May 1963,0,
eric-gray,Eric Gray,1963-05-07,1966-05-03,elected,term_expired,136,Lerwick Town Council Election May 1963,0,
magnus-shearer-ii,Magnus Shearer (ii),1963-05-07,1966-05-03,elected,term_expired,136,Lerwick Town Council Election May 1963,0,
robert-adair,Robert Adair,1963-05-07,1966-05-03,elected,term_expired,136,Lerwick Town Council Election May 1963,0,
arthur-johnson,Arthur Johnson,1964-05-05,1967-05-02,elected,term_expired,137,Lerwick Town Council Election May 1964,0,
grace-halcrow,Grace Halcrow,1964-05-05,1967-05-02,elected,term_expired,137,Lerwick Town Council Election May 1964,0,
james-taylor,James Taylor,1964-05-05,1967-05-02,elected,term_expired,137,Lerwick Town Council Election May 1964,0,
peter-robertson,Peter Robertson,1964-05-05,1967-05-02,elected,term_expired,137,Lerwick Town Council Election May 1964,0,
andrew-nicolson,Andrew Nicolson,1965-05-04,1967-05-12,elected,replaced,138,Lerwick Town Council Election May 1965,0,
harry-gray,Harry Gray,1965-05-04,1968-05-07,elected,term_expired,138,Lerwick Town Council Election May 1965,0,
james-paton-i,James Paton (i),1965-05-04,1968-05-07,elected,term_expired,138,Lerwick Town Council Election May 1965,0,
robert-anderson-i,Robert Anderson (i),1965-05-04,1967-06-26,elected,died,138,Lerwick Town Council Election May 1965,0,
alexander-morrison,Alexander Morrison,1966-05-03,1969-05-06,elected,term_expired,139,Lerwick Town Council Election May 1966,1,ST 14 Mar 1969 (retires 1969)
eric-gray,Eric Gray,1966-05-03,1971-05-04,elected,term_expired,139,Lerwick Town Council Election May 1966,1,ST 14 Mar 1969 (Provost; not retiring 1969); ST 12 Mar 1971 (retires 1971)
john-smith-ii,John Smith (ii),1966-05-03,1969-05-06,elected,term_expired,139,Lerwick Town Council Election May 1966,1,ST 14 Mar 1969 (retires 1969)
magnus-shearer-ii,Magnus Shearer (ii),1966-05-03,1969-05-06,elected,term_expired,139,Lerwick Town Council Election May 1966,1,ST 14 Mar 1969 (retires 1969)
george-blance,George Blance,1967-05-02,1970-05-05,elected,term_expired,140,Lerwick Town Council Election May 1967,1,ST 13 Mar 1970 (retires 1970)
james-taylor,James Taylor,1967-05-02,1970-05-05,elected,term_expired,140,Lerwick Town Council Election May 1967,1,ST 13 Mar 1970 (retires 1970)
peter-robertson,Peter Robertson,1967-05-02,1970-05-05,elected,term_expired,140,Lerwick Town Council Election May 1967,1,ST 13 Mar 1970 (retires 1970 and does not re-stand)
william-smith-iv,William Smith (iv),1967-05-02,1969-05-06,elected,term_expired,140,Lerwick Town Council Election May 1967,1,ST 14 Mar 1969 (least successful winner in 1967; retires 1969)
grace-halcrow,Grace Halcrow,1967-05-12,1968-05-07,by-election,term_expired,141,Lerwick Town Council By-Election May 1967,0,
ronald-cumming,Ronald Cumming,1967-08-08,1968-05-07,by-election,term_expired,142,Lerwick Town Council By-Election August 1967,0,
grace-halcrow,Grace Halcrow,1968-05-07,1970-05-05,elected,term_expired,143,Lerwick Town Council Election May 1968,1,ST 19 Apr 1968 and 10 May 1968 (elected Tue 7 May); ST 13 Mar 1970 (retires 1970 by rotation and does not re-stand)
harry-gray,Harry Gray,1968-05-07,1971-05-04,elected,term_expired,143,Lerwick Town Council Election May 1968,1,ST 19 Apr 1968 and 10 May 1968 (elected Tue 7 May); ST 12 Mar 1971 (retires 1971)
ronald-cumming,Ronald Cumming,1968-05-07,1971-05-04,elected,term_expired,143,Lerwick Town Council Election May 1968,1,ST 19 Apr 1968 and 10 May 1968 (elected Tue 7 May); ST 12 Mar 1971 (retires 1971)
william-thomson-iii,William Thomson (iii),1968-05-07,1971-05-04,elected,term_expired,143,Lerwick Town Council Election May 1968,1,ST 19 Apr 1968 and 10 May 1968 (elected Tue 7 May); ST 12 Mar 1971 (retires 1971)
alexander-morrison,Alexander Morrison,1969-05-06,1972-05-02,elected,term_expired,144,Lerwick Town Council Election May 1969,1,ST 17 Mar 1972 (retires 1972)
james-paton-i,James Paton (i),1969-05-06,1972-05-02,elected,term_expired,144,Lerwick Town Council Election May 1969,1,ST 17 Mar 1972 (retires 1972)
john-smith-ii,John Smith (ii),1969-05-06,1970-04-14,elected,resigned,144,Lerwick Town Council Election May 1969,1,ST 17 Apr 1970 (resignation read at the meeting of Tue 14 Apr 1970)
william-smith-iv,William Smith (iv),1969-05-06,1975-05-15,elected,council_abolished,144,Lerwick Town Council Election May 1969,0,ST 17 Mar 1972 and ST 14 Apr 1972 (Provost; not retiring 1972)
andrew-tait,Andrew Tait,1970-05-05,1972-05-02,elected,term_expired,145,Lerwick Town Council Election May 1970,1,ST 17 Mar 1972 (retires 1972 a year early and does not re-stand)
george-blance,George Blance,1970-05-05,1973-05-01,elected,term_expired,145,Lerwick Town Council Election May 1970,1,ST 13 Apr 1973 (retires 1973)
james-taylor,James Taylor,1970-05-05,1973-05-01,elected,term_expired,145,Lerwick Town Council Election May 1970,1,ST 13 Apr 1973 (retires 1973)
william-peterson,William Peterson,1970-05-05,1972-05-02,elected,term_expired,145,Lerwick Town Council Election May 1970,1,ST 17 Mar 1972 (retires 1972 a year early)
robert-adair,Robert Adair,1970-05-08,1971-05-04,by-election,term_expired,146,Lerwick Town Council By-Election May 1970,1,ST 15 May 1970 (co-opted at the statutory meeting of Fri 8 May 1970); ST 12 Mar 1971 (retires 1971)
eric-gray,Eric Gray,1971-05-04,1973-05-01,elected,term_expired,147,Lerwick Town Council Election May 1971,1,ST 12 Mar 1971 and ST 16 Apr 1971 (unopposed); ST 13 Apr 1973 (retires 1973)
harry-gray,Harry Gray,1971-05-04,1975-05-15,elected,council_abolished,147,Lerwick Town Council Election May 1971,0,ST 12 Mar 1971 and ST 16 Apr 1971 (unopposed)
john-butler,John Butler,1971-05-04,1973-05-01,elected,term_expired,147,Lerwick Town Council Election May 1971,1,ST 12 Mar 1971 and ST 16 Apr 1971 (unopposed); ST 13 Apr 1973 (retires 1973)
robert-adair,Robert Adair,1971-05-04,1975-05-15,elected,council_abolished,147,Lerwick Town Council Election May 1971,0,ST 12 Mar 1971 and ST 16 Apr 1971 (unopposed)
ronald-cumming,Ronald Cumming,1971-05-04,1975-05-15,elected,council_abolished,147,Lerwick Town Council Election May 1971,0,ST 12 Mar 1971 and ST 16 Apr 1971 (unopposed)
alexander-morrison,Alexander Morrison,1972-05-02,1975-05-15,elected,council_abolished,148,Lerwick Town Council Election May 1972,0,ST 14 Apr 1972 (unopposed)
james-paton-i,James Paton (i),1972-05-02,1975-05-15,elected,council_abolished,148,Lerwick Town Council Election May 1972,0,ST 14 Apr 1972 (unopposed)
peter-laurenson,Peter Laurenson,1972-05-02,1975-05-15,elected,council_abolished,148,Lerwick Town Council Election May 1972,0,ST 14 Apr 1972 (unopposed)
william-peterson,William Peterson,1972-05-02,1975-05-15,elected,council_abolished,148,Lerwick Town Council Election May 1972,0,ST 14 Apr 1972 (unopposed)
eric-gray,Eric Gray,1973-05-01,1975-05-15,elected,council_abolished,149,Lerwick Town Council Election May 1973,0,ST 13 Apr 1973 (the four retiring members unopposed)
george-blance,George Blance,1973-05-01,1975-05-15,elected,council_abolished,149,Lerwick Town Council Election May 1973,0,ST 13 Apr 1973 (the four retiring members unopposed)
james-taylor,James Taylor,1973-05-01,1975-05-15,elected,council_abolished,149,Lerwick Town Council Election May 1973,0,ST 13 Apr 1973 (the four retiring members unopposed)
john-butler,John Butler,1973-05-01,1975-05-15,elected,council_abolished,149,Lerwick Town Council Election May 1973,0,ST 13 Apr 1973 (the four retiring members unopposed)
